scenario,grid_rows,grid_cols,rows,cols,backend,threads,block_size,processes,serial_runtime,backend_runtime,serial_wall_runtime,backend_wall_runtime,speedup,efficiency,max_depth_m,max_depth_difference_m,max_error,mean_absolute_error_m,rmse,relative_error,max_hu_error_m2_s,max_hv_error_m2_s,rmse_hu_m2_s,rmse_hv_m2_s,max_velocity_error_m_s,flooded_area_m2,flooded_area_difference_m2,water_volume_m3,water_volume_difference_m3,conservation_residual_m3,serial_conservation_residual_m3,wet_cells_match,communication_seconds,memory_mb,tolerance_m,momentum_tolerance_m2_s,conservation_tolerance_m3,conservation_pass,within_tolerance
flat-basin,64,64,64,64,openmp,1,,,0.002268165,0.0022265,0.01281427098729182,0.012056353996740654,1.0187132270379518,1.0187132270379518,0.0005,0.0,0.0,0.0,0.0,0.0,0.0,0.0,0.0,0.0,0.0,102400,0.0,51.2,0.0,0.0,0.0,True,,,1e-08,1e-08,1e-08,True,True
flat-basin,64,64,64,64,openmp,2,,,0.002268165,0.001825395,0.01281427098729182,0.011703291515004821,1.2425611990829382,0.6212805995414691,0.0005,0.0,0.0,0.0,0.0,0.0,0.0,0.0,0.0,0.0,0.0,102400,0.0,51.2,0.0,0.0,0.0,True,,,1e-08,1e-08,1e-08,True,True
flat-basin,64,64,64,64,openmp,4,,,0.002268165,0.0017768749999999998,0.01281427098729182,0.01167427099426277,1.2764910306014774,0.31912275765036935,0.0005,0.0,0.0,0.0,0.0,0.0,0.0,0.0,0.0,0.0,0.0,102400,0.0,51.2,0.0,0.0,0.0,True,,,1e-08,1e-08,1e-08,True,True
flat-basin,64,64,64,64,openmp,8,,,0.002268165,0.00276548,0.01281427098729182,0.012444791500456631,0.8201704586545555,0.10252130733181944,0.0005,0.0,0.0,0.0,0.0,0.0,0.0,0.0,0.0,0.0,0.0,102400,0.0,51.2,0.0,0.0,0.0,True,,,1e-08,1e-08,1e-08,True,True
flat-basin,64,64,64,64,openmp,16,,,0.002268165,0.004146749999999999,0.01281427098729182,0.014145416993414983,0.5469741363718575,0.034185883523241097,0.0005,0.0,0.0,0.0,0.0,0.0,0.0,0.0,0.0,0.0,0.0,102400,0.0,51.2,0.0,0.0,0.0,True,,,1e-08,1e-08,1e-08,True,True
flat-basin,128,128,128,128,openmp,1,,,0.008790145,0.00883358,0.02688729198416695,0.02728581300470978,0.9950829674944924,0.9950829674944924,0.0005,0.0,0.0,0.0,0.0,0.0,0.0,0.0,0.0,0.0,0.0,409600,0.0,204.8,0.0,0.0,0.0,True,,,1e-08,1e-08,1e-08,True,True
flat-basin,128,128,128,128,openmp,2,,,0.008790145,0.0058945,0.02688729198416695,0.024066000507446006,1.4912452286029347,0.7456226143014674,0.0005,0.0,0.0,0.0,0.0,0.0,0.0,0.0,0.0,0.0,0.0,409600,0.0,204.8,0.0,0.0,0.0,True,,,1e-08,1e-08,1e-08,True,True
flat-basin,128,128,128,128,openmp,4,,,0.008790145,0.0045558149999999995,0.02688729198416695,0.023251271006301977,1.929434140762959,0.48235853519073973,0.0005,0.0,0.0,0.0,0.0,0.0,0.0,0.0,0.0,0.0,0.0,409600,0.0,204.8,0.0,0.0,0.0,True,,,1e-08,1e-08,1e-08,True,True
flat-basin,128,128,128,128,openmp,8,,,0.008790145,0.00562744,0.02688729198416695,0.024027271021623164,1.562014877102199,0.1952518596377749,0.0005,0.0,0.0,0.0,0.0,0.0,0.0,0.0,0.0,0.0,0.0,409600,0.0,204.8,0.0,0.0,0.0,True,,,1e-08,1e-08,1e-08,True,True
flat-basin,128,128,128,128,openmp,16,,,0.008790145,0.00784071,0.02688729198416695,0.055247416501515545,1.1210904369629788,0.07006815231018618,0.0005,0.0,0.0,0.0,0.0,0.0,0.0,0.0,0.0,0.0,0.0,409600,0.0,204.8,0.0,0.0,0.0,True,,,1e-08,1e-08,1e-08,True,True
slope,64,64,64,64,openmp,1,,,0.002857585,0.0028442700000000003,0.01614897900435608,0.01519216650922317,1.0046813417854141,1.0046813417854141,0.0121768623698,0.0,0.0,0.0,0.0,0.0,0.0,0.0,0.0,0.0,0.0,8000,0.0,48,0.0,7.1054273576e-15,7.1054273576e-15,True,,,1e-08,1e-08,1e-08,True,True
slope,64,64,64,64,openmp,2,,,0.002857585,0.00239719,0.01614897900435608,0.014742229002877139,1.1920561157021345,0.5960280578510673,0.0121768623698,0.0,0.0,0.0,0.0,0.0,0.0,0.0,0.0,0.0,0.0,8000,0.0,48,0.0,7.1054273576e-15,7.1054273576e-15,True,,,1e-08,1e-08,1e-08,True,True
slope,64,64,64,64,openmp,4,,,0.002857585,0.002776085,0.01614897900435608,0.013948312494903803,1.0293578906985916,0.2573394726746479,0.0121768623698,0.0,0.0,0.0,0.0,0.0,0.0,0.0,0.0,0.0,0.0,8000,0.0,48,0.0,7.1054273576e-15,7.1054273576e-15,True,,,1e-08,1e-08,1e-08,True,True
slope,64,64,64,64,openmp,8,,,0.002857585,0.004293085,0.01614897900435608,0.015364770995802246,0.6656250691519036,0.08320313364398794,0.0121768623698,0.0,0.0,0.0,0.0,0.0,0.0,0.0,0.0,0.0,0.0,8000,0.0,48,0.0,7.1054273576e-15,7.1054273576e-15,True,,,1e-08,1e-08,1e-08,True,True
slope,64,64,64,64,openmp,16,,,0.002857585,0.006039915,0.01614897900435608,0.01741527051490266,0.4731167574378117,0.02956979733986323,0.0121768623698,0.0,0.0,0.0,0.0,0.0,0.0,0.0,0.0,0.0,0.0,8000,0.0,48,0.0,7.1054273576e-15,7.1054273576e-15,True,,,1e-08,1e-08,1e-08,True,True
slope,128,128,128,128,openmp,1,,,0.009694959999999999,0.00966937,0.030538457998773083,0.03057864600850735,1.0026465012715409,1.0026465012715409,0.0121768623698,0.0,0.0,0.0,0.0,0.0,0.0,0.0,0.0,0.0,0.0,16000,0.0,96,0.0,0.0,0.0,True,,,1e-08,1e-08,1e-08,True,True
slope,128,128,128,128,openmp,2,,,0.009694959999999999,0.006810705,0.030538457998773083,0.027268062491202727,1.4234884641164165,0.7117442320582082,0.0121768623698,0.0,0.0,0.0,0.0,0.0,0.0,0.0,0.0,0.0,0.0,16000,0.0,96,0.0,0.0,0.0,True,,,1e-08,1e-08,1e-08,True,True
slope,128,128,128,128,openmp,4,,,0.009694959999999999,0.005895815,0.030538457998773083,0.027106479508802295,1.6443799542556878,0.41109498856392196,0.0121768623698,0.0,0.0,0.0,0.0,0.0,0.0,0.0,0.0,0.0,0.0,16000,0.0,96,0.0,0.0,0.0,True,,,1e-08,1e-08,1e-08,True,True
slope,128,128,128,128,openmp,8,,,0.009694959999999999,0.00734673,0.030538457998773083,0.02902114599419292,1.3196292772430727,0.16495365965538408,0.0121768623698,0.0,0.0,0.0,0.0,0.0,0.0,0.0,0.0,0.0,0.0,16000,0.0,96,0.0,0.0,0.0,True,,,1e-08,1e-08,1e-08,True,True
slope,128,128,128,128,openmp,16,,,0.009694959999999999,0.009256335000000001,0.030538457998773083,0.030509813004755415,1.0473864655935636,0.06546165409959773,0.0121768623698,0.0,0.0,0.0,0.0,0.0,0.0,0.0,0.0,0.0,0.0,16000,0.0,96,0.0,0.0,0.0,True,,,1e-08,1e-08,1e-08,True,True
dam-break,64,64,64,64,openmp,1,,,0.009811960000000002,0.00977629,0.021421562487375923,0.021144458005437627,1.0036486233530308,1.0036486233530308,1,0.0,0.0,0.0,0.0,0.0,0.0,0.0,0.0,0.0,0.0,65600,0.0,51200,0.0,0.0,0.0,True,,,1e-08,1e-08,1e-08,True,True
dam-break,64,64,64,64,openmp,2,,,0.009811960000000002,0.0080525,0.021421562487375923,0.019298020997666754,1.2184986029183484,0.6092493014591742,1,0.0,0.0,0.0,0.0,0.0,0.0,0.0,0.0,0.0,0.0,65600,0.0,51200,0.0,0.0,0.0,True,,,1e-08,1e-08,1e-08,True,True
dam-break,64,64,64,64,openmp,4,,,0.009811960000000002,0.007420145,0.021421562487375923,0.019094416493317112,1.322340735929015,0.3305851839822537,1,0.0,0.0,0.0,0.0,0.0,0.0,0.0,0.0,0.0,0.0,65600,0.0,51200,0.0,0.0,0.0,True,,,1e-08,1e-08,1e-08,True,True
dam-break,64,64,64,64,openmp,8,,,0.009811960000000002,0.01192355,0.021421562487375923,0.023450854496331885,0.8229059298614927,0.10286324123268659,1,0.0,0.0,0.0,0.0,0.0,0.0,0.0,0.0,0.0,0.0,65600,0.0,51200,0.0,0.0,0.0,True,,,1e-08,1e-08,1e-08,True,True
dam-break,64,64,64,64,openmp,16,,,0.009811960000000002,0.01849675,0.021421562487375923,0.030677353992359713,0.5304694067876791,0.03315433792422994,1,0.0,0.0,0.0,0.0,0.0,0.0,0.0,0.0,0.0,0.0,65600,0.0,51200,0.0,0.0,0.0,True,,,1e-08,1e-08,1e-08,True,True
dam-break,128,128,128,128,openmp,1,,,0.03682825,0.0367263,0.05750456248642877,0.05679883349512238,1.0027759398578129,1.0027759398578129,1,0.0,0.0,0.0,0.0,0.0,0.0,0.0,0.0,0.0,0.0,233600,0.0,204800,0.0,0.0,0.0,True,,,1e-08,1e-08,1e-08,True,True
dam-break,128,128,128,128,openmp,2,,,0.03682825,0.0252475,0.05750456248642877,0.04613216649158858,1.4586889791068423,0.7293444895534211,1,0.0,0.0,0.0,0.0,0.0,0.0,0.0,0.0,0.0,0.0,233600,0.0,204800,0.0,0.0,0.0,True,,,1e-08,1e-08,1e-08,True,True
dam-break,128,128,128,128,openmp,4,,,0.03682825,0.0209797,0.05750456248642877,0.041178145504090935,1.755423099472347,0.43885577486808675,1,0.0,0.0,0.0,0.0,0.0,0.0,0.0,0.0,0.0,0.0,233600,0.0,204800,0.0,0.0,0.0,True,,,1e-08,1e-08,1e-08,True,True
dam-break,128,128,128,128,openmp,8,,,0.03682825,0.0247595,0.05750456248642877,0.04585562550346367,1.4874391647650396,0.18592989559562995,1,0.0,0.0,0.0,0.0,0.0,0.0,0.0,0.0,0.0,0.0,233600,0.0,204800,0.0,0.0,0.0,True,,,1e-08,1e-08,1e-08,True,True
dam-break,128,128,128,128,openmp,16,,,0.03682825,0.03069485,0.05750456248642877,0.052293937507783994,1.199818536334271,0.07498865852089194,1,0.0,0.0,0.0,0.0,0.0,0.0,0.0,0.0,0.0,0.0,233600,0.0,204800,0.0,0.0,0.0,True,,,1e-08,1e-08,1e-08,True,True
rain-drain,64,64,64,64,openmp,1,,,0.0107241,0.0106894,0.02399143748334609,0.023272208505659364,1.0032462065223493,1.0032462065223493,0.0158898773159,0.0,0.0,0.0,0.0,0.0,0.0,0.0,0.0,0.0,0.0,102400,0.0,1409.04791682,0.0,2.27373675443e-13,2.27373675443e-13,True,,,1e-08,1e-08,1e-08,True,True
rain-drain,64,64,64,64,openmp,2,,,0.0107241,0.00826146,0.02399143748334609,0.021030687479651533,1.2980877472020684,0.6490438736010342,0.0158898773159,0.0,0.0,0.0,0.0,0.0,0.0,0.0,0.0,0.0,0.0,102400,0.0,1409.04791682,0.0,2.27373675443e-13,2.27373675443e-13,True,,,1e-08,1e-08,1e-08,True,True
rain-drain,64,64,64,64,openmp,4,,,0.0107241,0.007587795,0.02399143748334609,0.02094031250453554,1.413335494699053,0.35333387367476327,0.0158898773159,0.0,0.0,0.0,0.0,0.0,0.0,0.0,0.0,0.0,0.0,102400,0.0,1409.04791682,0.0,2.27373675443e-13,2.27373675443e-13,True,,,1e-08,1e-08,1e-08,True,True
rain-drain,64,64,64,64,openmp,8,,,0.0107241,0.01221795,0.02399143748334609,0.025150646004476584,0.8777331712766872,0.1097166464095859,0.0158898773159,0.0,0.0,0.0,0.0,0.0,0.0,0.0,0.0,0.0,0.0,102400,0.0,1409.04791682,0.0,2.27373675443e-13,2.27373675443e-13,True,,,1e-08,1e-08,1e-08,True,True
rain-drain,64,64,64,64,openmp,16,,,0.0107241,0.0188971,0.02399143748334609,0.03268683349597268,0.5674997750977664,0.0354687359436104,0.0158898773159,0.0,0.0,0.0,0.0,0.0,0.0,0.0,0.0,0.0,0.0,102400,0.0,1409.04791682,0.0,2.27373675443e-13,2.27373675443e-13,True,,,1e-08,1e-08,1e-08,True,True
rain-drain,128,128,128,128,openmp,1,,,0.0428504,0.042672749999999995,0.07270408298063558,0.07225310400826856,1.0041630783111002,1.0041630783111002,0.0158898773159,0.0,0.0,0.0,0.0,0.0,0.0,0.0,0.0,0.0,0.0,409600,0.0,5651.16250031,0.0,1.81898940355e-12,1.81898940355e-12,True,,,1e-08,1e-08,1e-08,True,True
rain-drain,128,128,128,128,openmp,2,,,0.0428504,0.02759445,0.07270408298063558,0.05706306250067428,1.552862985129256,0.776431492564628,0.0158898773159,0.0,0.0,0.0,0.0,0.0,0.0,0.0,0.0,0.0,0.0,409600,0.0,5651.16250031,0.0,1.81898940355e-12,1.81898940355e-12,True,,,1e-08,1e-08,1e-08,True,True
rain-drain,128,128,128,128,openmp,4,,,0.0428504,0.02215545,0.07270408298063558,0.051690562497242354,1.9340794251527276,0.4835198562881819,0.0158898773159,0.0,0.0,0.0,0.0,0.0,0.0,0.0,0.0,0.0,0.0,409600,0.0,5651.16250031,0.0,1.81898940355e-12,1.81898940355e-12,True,,,1e-08,1e-08,1e-08,True,True
rain-drain,128,128,128,128,openmp,8,,,0.0428504,0.025574600000000003,0.07270408298063558,0.05524987500393763,1.67550616627435,0.20943827078429375,0.0158898773159,0.0,0.0,0.0,0.0,0.0,0.0,0.0,0.0,0.0,0.0,409600,0.0,5651.16250031,0.0,1.81898940355e-12,1.81898940355e-12,True,,,1e-08,1e-08,1e-08,True,True
rain-drain,128,128,128,128,openmp,16,,,0.0428504,0.03100095,0.07270408298063558,0.06114872949547134,1.3822286091232687,0.0863892880702043,0.0158898773159,0.0,0.0,0.0,0.0,0.0,0.0,0.0,0.0,0.0,0.0,409600,0.0,5651.16250031,0.0,1.81898940355e-12,1.81898940355e-12,True,,,1e-08,1e-08,1e-08,True,True
wet-dry,64,64,64,64,openmp,1,,,0.0006454165,0.0006586875,0.011258020982495509,0.010365541515056975,0.9798523579087199,0.9798523579087199,1.75037059621e-06,0.0,0.0,0.0,0.0,0.0,0.0,0.0,0.0,0.0,0.0,25,0.0,5e-05,0.0,0.0,0.0,True,,,1e-08,1e-08,1e-08,True,True
wet-dry,64,64,64,64,openmp,2,,,0.0006454165,0.000723958,0.011258020982495509,0.011233833502046764,0.8915109716309508,0.4457554858154754,1.75037059621e-06,0.0,0.0,0.0,0.0,0.0,0.0,0.0,0.0,0.0,0.0,25,0.0,5e-05,0.0,0.0,0.0,True,,,1e-08,1e-08,1e-08,True,True
wet-dry,64,64,64,64,openmp,4,,,0.0006454165,0.000803042,0.011258020982495509,0.011050333501771092,0.803714500611425,0.20092862515285626,1.75037059621e-06,0.0,0.0,0.0,0.0,0.0,0.0,0.0,0.0,0.0,0.0,25,0.0,5e-05,0.0,0.0,0.0,True,,,1e-08,1e-08,1e-08,True,True
wet-dry,64,64,64,64,openmp,8,,,0.0006454165,0.0012089000000000002,0.011258020982495509,0.011861645500175655,0.5338874183141697,0.06673592728927122,1.75037059621e-06,0.0,0.0,0.0,0.0,0.0,0.0,0.0,0.0,0.0,0.0,25,0.0,5e-05,0.0,0.0,0.0,True,,,1e-08,1e-08,1e-08,True,True
wet-dry,64,64,64,64,openmp,16,,,0.0006454165,0.00168567,0.011258020982495509,0.012033895502099767,0.38288425373886936,0.023930265858679335,1.75037059621e-06,0.0,0.0,0.0,0.0,0.0,0.0,0.0,0.0,0.0,0.0,25,0.0,5e-05,0.0,0.0,0.0,True,,,1e-08,1e-08,1e-08,True,True
wet-dry,128,128,128,128,openmp,1,,,0.002509415,0.0024861450000000004,0.020121354493312538,0.023844687500968575,1.0093598724129123,1.0093598724129123,1.75037059621e-06,0.0,0.0,0.0,0.0,0.0,0.0,0.0,0.0,0.0,0.0,25,0.0,5e-05,0.0,0.0,0.0,True,,,1e-08,1e-08,1e-08,True,True
wet-dry,128,128,128,128,openmp,2,,,0.002509415,0.00205325,0.020121354493312538,0.029925020993687212,1.2221672957506393,0.6110836478753197,1.75037059621e-06,0.0,0.0,0.0,0.0,0.0,0.0,0.0,0.0,0.0,0.0,25,0.0,5e-05,0.0,0.0,0.0,True,,,1e-08,1e-08,1e-08,True,True
wet-dry,128,128,128,128,openmp,4,,,0.002509415,0.0018564599999999999,0.020121354493312538,0.01954606249637436,1.351720478760652,0.337930119690163,1.75037059621e-06,0.0,0.0,0.0,0.0,0.0,0.0,0.0,0.0,0.0,0.0,25,0.0,5e-05,0.0,0.0,0.0,True,,,1e-08,1e-08,1e-08,True,True
wet-dry,128,128,128,128,openmp,8,,,0.002509415,0.002242875,0.020121354493312538,0.019812270504189655,1.118838544279106,0.13985481803488825,1.75037059621e-06,0.0,0.0,0.0,0.0,0.0,0.0,0.0,0.0,0.0,0.0,25,0.0,5e-05,0.0,0.0,0.0,True,,,1e-08,1e-08,1e-08,True,True
wet-dry,128,128,128,128,openmp,16,,,0.002509415,0.002632335,0.020121354493312538,0.020358478999696672,0.9533038158137168,0.0595814884883573,1.75037059621e-06,0.0,0.0,0.0,0.0,0.0,0.0,0.0,0.0,0.0,0.0,25,0.0,5e-05,0.0,0.0,0.0,True,,,1e-08,1e-08,1e-08,True,True
