scenario,grid_rows,grid_cols,rows,cols,backend,threads,processes,serial_runtime,backend_runtime,serial_wall_runtime,backend_wall_runtime,speedup,efficiency,max_depth_m,max_depth_difference_m,max_error,mean_absolute_error_m,rmse,relative_error,max_hu_error_m2_s,max_hv_error_m2_s,rmse_hu_m2_s,rmse_hv_m2_s,max_velocity_error_m_s,flooded_area_m2,flooded_area_difference_m2,water_volume_m3,water_volume_difference_m3,conservation_residual_m3,serial_conservation_residual_m3,wet_cells_match,memory_mb,serial_memory_mb,tolerance_m,momentum_tolerance_m2_s,conservation_tolerance_m3,conservation_pass,within_tolerance,status,repetitions,timestamp_utc,compiler,compiler_version,operating_system,cpu,setup_seconds,computation_seconds,communication_seconds,synchronization_seconds,other_seconds,timing_sum_residual_seconds
flat-basin,512,512,512,512,mpi,,1,0.151091,0.13699,0.46050345798721537,0.5364337500068359,1.1029345207679393,1.1029345207679393,0.0005,0.0,0.0,0.0,0.0,0.0,0.0,0.0,0.0,0.0,0.0,6553600,0.0,3276.8,0.0,0.0,0.0,True,,71.46875,1e-08,1e-08,1e-08,True,True,PASS,3,2026-10-03T11:47:32.219562+00:00,/usr/bin/c++,Apple clang version 16.0.0 (clang-1600.0.26.6),macOS-26.6.2-arm64-arm-64bit,Apple M2,0.005964,0.124705,2e-06,0.001395,0.003828,0.0010959999999999859
flat-basin,512,512,512,512,mpi,,2,0.151091,0.08045,0.46050345798721537,0.48484424999332987,1.8780733374766938,0.9390366687383469,0.0005,0.0,0.0,0.0,0.0,0.0,0.0,0.0,0.0,0.0,0.0,6553600,0.0,3276.8,0.0,0.0,0.0,True,,71.46875,1e-08,1e-08,1e-08,True,True,PASS,3,2026-10-03T11:47:32.219562+00:00,/usr/bin/c++,Apple clang version 16.0.0 (clang-1600.0.26.6),macOS-26.6.2-arm64-arm-64bit,Apple M2,0.005473,0.068622,0.000419,0.003315,0.001607,0.0010139999999999871
flat-basin,512,512,512,512,mpi,,4,0.151091,0.058183,0.46050345798721537,0.4726573329826351,2.596823814516268,0.649205953629067,0.0005,0.0,0.0,0.0,0.0,0.0,0.0,0.0,0.0,0.0,0.0,6553600,0.0,3276.8,0.0,0.0,0.0,True,,71.46875,1e-08,1e-08,1e-08,True,True,PASS,3,2026-10-03T11:47:32.219562+00:00,/usr/bin/c++,Apple clang version 16.0.0 (clang-1600.0.26.6),macOS-26.6.2-arm64-arm-64bit,Apple M2,0.0058,0.042938,0.001088,0.00762,0.000737,0.0
slope,512,512,512,512,mpi,,1,0.161309,0.166634,0.5038040840008762,0.6148920840059873,0.9680437365723682,0.9680437365723682,0.0121768623698,0.0,0.0,0.0,0.0,0.0,0.0,0.0,0.0,0.0,0.0,64000,0.0,384,0.0,5.68434188608e-14,5.68434188608e-14,True,,71.46875,1e-08,1e-08,1e-08,True,True,PASS,3,2026-10-03T11:47:32.219562+00:00,/usr/bin/c++,Apple clang version 16.0.0 (clang-1600.0.26.6),macOS-26.6.2-arm64-arm-64bit,Apple M2,0.006171,0.152872,0,0.002033,0.003923,0.0016349999999999698
slope,512,512,512,512,mpi,,2,0.161309,0.095788,0.5038040840008762,0.533488875022158,1.68402096295987,0.842010481479935,0.0121768623698,0.0,0.0,0.0,0.0,0.0,0.0,0.0,0.0,0.0,0.0,64000,0.0,384,0.0,5.68434188608e-14,5.68434188608e-14,True,,71.46875,1e-08,1e-08,1e-08,True,True,PASS,3,2026-10-03T11:47:32.219562+00:00,/usr/bin/c++,Apple clang version 16.0.0 (clang-1600.0.26.6),macOS-26.6.2-arm64-arm-64bit,Apple M2,0.005571,0.083789,0.000799,0.004074,0.001555,0.0
slope,512,512,512,512,mpi,,4,0.161309,0.075444,0.5038040840008762,0.5446746250090655,2.1381289433221995,0.5345322358305499,0.0121768623698,0.0,0.0,0.0,0.0,0.0,0.0,0.0,0.0,0.0,0.0,64000,0.0,384,0.0,5.68434188608e-14,5.68434188608e-14,True,,71.46875,1e-08,1e-08,1e-08,True,True,PASS,3,2026-10-03T11:47:32.219562+00:00,/usr/bin/c++,Apple clang version 16.0.0 (clang-1600.0.26.6),macOS-26.6.2-arm64-arm-64bit,Apple M2,0.006357,0.059347,0.001711,0.00721,0.000819,0.0
dam-break,512,512,512,512,mpi,,1,0.624194,0.568945,0.9463083749869838,0.9849216660077218,1.0971078047965972,1.0971078047965972,1,0.0,0.0,0.0,0.0,0.0,0.0,0.0,0.0,0.0,0.0,3392000,0.0,3276800,0.0,0.0,0.0,True,,71.46875,1e-08,1e-08,1e-08,True,True,PASS,3,2026-10-03T11:47:32.219562+00:00,/usr/bin/c++,Apple clang version 16.0.0 (clang-1600.0.26.6),macOS-26.6.2-arm64-arm-64bit,Apple M2,0.005921,0.558539,0,0.002888,0.004727,-0.003129999999999966
dam-break,512,512,512,512,mpi,,2,0.624194,0.322372,0.9463083749869838,0.7407290829869453,1.936253768937749,0.9681268844688745,1,0.0,0.0,0.0,0.0,0.0,0.0,0.0,0.0,0.0,0.0,3392000,0.0,3276800,0.0,0.0,0.0,True,,71.46875,1e-08,1e-08,1e-08,True,True,PASS,3,2026-10-03T11:47:32.219562+00:00,/usr/bin/c++,Apple clang version 16.0.0 (clang-1600.0.26.6),macOS-26.6.2-arm64-arm-64bit,Apple M2,0.005435,0.302311,0.004677,0.007645,0.002304,0.0
dam-break,512,512,512,512,mpi,,4,0.624194,0.228581,0.9463083749869838,0.653910375025589,2.730734400496979,0.6826836001242448,1,0.0,0.0,0.0,0.0,0.0,0.0,0.0,0.0,0.0,0.0,3392000,0.0,3276800,0.0,0.0,0.0,True,,71.46875,1e-08,1e-08,1e-08,True,True,PASS,3,2026-10-03T11:47:32.219562+00:00,/usr/bin/c++,Apple clang version 16.0.0 (clang-1600.0.26.6),macOS-26.6.2-arm64-arm-64bit,Apple M2,0.004984,0.197475,0.003264,0.019318,0.001539,0.0020010000000000028
rain-drain,512,512,512,512,mpi,,1,0.733648,0.646671,1.2107982920133509,1.218025292007951,1.1344996141778432,1.1344996141778432,0.0158898773159,0.0,0.0,0.0,0.0,0.0,0.0,0.0,0.0,0.0,0.0,6553600,0.0,90598.2500012,0.0,5.82076609135e-11,5.82076609135e-11,True,,71.46875,1e-08,1e-08,1e-08,True,True,PASS,3,2026-10-03T11:47:32.219562+00:00,/usr/bin/c++,Apple clang version 16.0.0 (clang-1600.0.26.6),macOS-26.6.2-arm64-arm-64bit,Apple M2,0.006003,0.613738,7.9999999999e-06,0.002533,0.004891,0.019498000000000126
rain-drain,512,512,512,512,mpi,,2,0.733648,0.352711,1.2107982920133509,0.910776500008069,2.080025856862984,1.040012928431492,0.0158898773159,0.0,0.0,0.0,0.0,0.0,0.0,0.0,0.0,0.0,0.0,6553600,0.0,90598.2500012,0.0,5.82076609135e-11,5.82076609135e-11,True,,71.46875,1e-08,1e-08,1e-08,True,True,PASS,3,2026-10-03T11:47:32.219562+00:00,/usr/bin/c++,Apple clang version 16.0.0 (clang-1600.0.26.6),macOS-26.6.2-arm64-arm-64bit,Apple M2,0.006095,0.337399,0.000835,0.003054,0.00214,0.003188000000000024
rain-drain,512,512,512,512,mpi,,4,0.733648,0.235077,1.2107982920133509,0.8034512499871198,3.120883795522318,0.7802209488805795,0.0158898773159,0.0,0.0,0.0,0.0,0.0,0.0,0.0,0.0,0.0,0.0,6553600,0.0,90598.2500012,0.0,5.82076609135e-11,5.82076609135e-11,True,,71.46875,1e-08,1e-08,1e-08,True,True,PASS,3,2026-10-03T11:47:32.219562+00:00,/usr/bin/c++,Apple clang version 16.0.0 (clang-1600.0.26.6),macOS-26.6.2-arm64-arm-64bit,Apple M2,0.004952,0.211778,0.003684,0.011197,0.001333,0.002132999999999996
wet-dry,512,512,512,512,mpi,,1,0.0428955,0.04807,0.33135020901681855,0.42627158301183954,0.8923548991054712,0.8923548991054712,1.75037059621e-06,0.0,0.0,0.0,0.0,0.0,0.0,0.0,0.0,0.0,0.0,25,0.0,5e-05,0.0,0.0,0.0,True,,71.46875,1e-08,1e-08,1e-08,True,True,PASS,3,2026-10-03T11:47:32.219562+00:00,/usr/bin/c++,Apple clang version 16.0.0 (clang-1600.0.26.6),macOS-26.6.2-arm64-arm-64bit,Apple M2,0.005763,0.037187,0,0.001165,0.003423,0.0005320000000000047
wet-dry,512,512,512,512,mpi,,2,0.0428955,0.030367,0.33135020901681855,0.4122149999893736,1.4125695656469195,0.7062847828234597,1.75037059621e-06,0.0,0.0,0.0,0.0,0.0,0.0,0.0,0.0,0.0,0.0,25,0.0,5e-05,0.0,0.0,0.0,True,,71.46875,1e-08,1e-08,1e-08,True,True,PASS,3,2026-10-03T11:47:32.219562+00:00,/usr/bin/c++,Apple clang version 16.0.0 (clang-1600.0.26.6),macOS-26.6.2-arm64-arm-64bit,Apple M2,0.005152,0.02104,9.6e-05,0.002356,0.001332,0.00039100000000000246
wet-dry,512,512,512,512,mpi,,4,0.0428955,0.025943,0.33135020901681855,0.41368520801188424,1.6534517981729175,0.4133629495432294,1.75037059621e-06,0.0,0.0,0.0,0.0,0.0,0.0,0.0,0.0,0.0,0.0,25,0.0,5e-05,0.0,0.0,0.0,True,,71.46875,1e-08,1e-08,1e-08,True,True,PASS,3,2026-10-03T11:47:32.219562+00:00,/usr/bin/c++,Apple clang version 16.0.0 (clang-1600.0.26.6),macOS-26.6.2-arm64-arm-64bit,Apple M2,0.00571,0.01243,0.00086,0.00496,0.00069,0.0012930000000000025
