scenario,grid,processes,n_runs,mean_runtime,median_runtime,std_runtime,min_runtime,mean_speedup,mean_efficiency,mean_communication,mean_computation
flat-basin,512x512,1,3,0.13699,0.13699,0.0,0.13699,1.1029345207679393,1.1029345207679393,2e-06,0.124705
flat-basin,512x512,2,3,0.08045,0.08045,0.0,0.08045,1.8780733374766938,0.9390366687383469,0.000419,0.068622
flat-basin,512x512,4,3,0.058183,0.058183,0.0,0.058183,2.596823814516268,0.649205953629067,0.001088,0.042938
slope,512x512,1,3,0.166634,0.166634,0.0,0.166634,0.9680437365723682,0.9680437365723682,0.0,0.152872
slope,512x512,2,3,0.095788,0.095788,0.0,0.095788,1.68402096295987,0.842010481479935,0.000799,0.083789
slope,512x512,4,3,0.075444,0.075444,0.0,0.075444,2.1381289433221995,0.5345322358305499,0.001711,0.059347
dam-break,512x512,1,3,0.568945,0.568945,0.0,0.568945,1.0971078047965972,1.0971078047965972,0.0,0.558539
dam-break,512x512,2,3,0.322372,0.322372,0.0,0.322372,1.936253768937749,0.9681268844688745,0.004677,0.302311
dam-break,512x512,4,3,0.228581,0.228581,0.0,0.228581,2.730734400496979,0.6826836001242448,0.003264,0.197475
rain-drain,512x512,1,3,0.646671,0.646671,0.0,0.646671,1.1344996141778432,1.1344996141778432,7.9999999999e-06,0.613738
rain-drain,512x512,2,3,0.352711,0.352711,0.0,0.352711,2.080025856862984,1.040012928431492,0.000835,0.337399
rain-drain,512x512,4,3,0.235077,0.235077,0.0,0.235077,3.120883795522318,0.7802209488805795,0.003684,0.211778
wet-dry,512x512,1,3,0.04807,0.04807,0.0,0.04807,0.8923548991054712,0.8923548991054712,0.0,0.037187
wet-dry,512x512,2,3,0.030367,0.030367,0.0,0.030367,1.4125695656469195,0.7062847828234597,9.6e-05,0.02104
wet-dry,512x512,4,3,0.025943,0.025943,0.0,0.025943,1.6534517981729175,0.4133629495432294,0.00086,0.01243
flat-basin,1024x1024,1,3,0.542999,0.542999,0.0,0.542999,1.098199075873068,1.098199075873068,9.99999999973e-07,0.494249
flat-basin,1024x1024,2,3,0.31167,0.31167,0.0,0.31167,1.9133089485673949,0.9566544742836974,0.000554,0.277826
flat-basin,1024x1024,4,3,0.221001,0.221001,0.0,0.221001,2.6982728584938527,0.6745682146234632,0.001011,0.179834
flat-basin,2048x2048,1,3,2.47178,2.47178,0.0,2.47178,1.0158954275865977,1.0158954275865977,0.0,2.231486
flat-basin,2048x2048,2,3,1.49243,1.49243,0.0,1.49243,1.6825378744731747,0.8412689372365874,0.006909,1.279006
flat-basin,2048x2048,4,3,1.06375,1.06375,0.0,1.06375,2.3605828437132788,0.5901457109283197,0.001409,0.865178
