scenario,backend,rows,cols,base_cells,adaptive_leaf_cells,cell_count_ratio,level0_cells,level1_cells,level2_cells,active_patches,maximum_active_level,refined_patches,coarsened_patches,steps,threads,rank_count,runtime_seconds,wall_seconds,compute_seconds,mesh_seconds,cfl_seconds,interface_seconds,update_seconds,activity_seconds,regridding_seconds,communication_seconds,diagnostics_seconds,minimum_rank_work,maximum_rank_work,mean_rank_work,load_imbalance,rank_workload_distribution,workload_snapshots,initial_volume,final_volume,rainfall_volume,infiltration_volume,outflow_volume,mass_balance_residual,maximum_velocity,maximum_interface_mass_flux_residual,maximum_regrid_volume_delta,repeat,timestamp_utc
dam-break,serial,32,32,1024,8704,8.5,0,2560,6144,136,2,40,0,7,1,1,0.65529825002886355,1.4203314170008525,0.64827645779587328,0.011848248774185777,0.00024283328093588352,0.62983912602066994,0.0016805022023618221,0.00466354307718575,0.0059592078905552626,0,7.0291804149746895e-05,8704,8704,8704,1,0:8704:136:8704:0.64827645779587328:0,1@0.02@1024@1024@1024@1[0:1024:16:1024:0.003002834040671587:0]|2@0.040000000000000001@3328@3328@3328@1[0:3328:52:3328:0.0060250419192016125:0]|3@0.059999999999999998@3328@3328@3328@1[0:3328:52:3328:0.035725207766517997:0]|4@0.080000000000000002@8704@8704@8704@1[0:8704:136:8704:0.065374457743018866:0]|5@0.09596377142035252@8704@8704@8704@1[0:8704:136:8704:0.25943366577848792:0]|6@0.11192754284070504@8704@8704@8704@1[0:8704:136:8704:0.45258374884724617:0]|7@0.12@8704@8704@8704@1[0:8704:136:8704:0.64827645779587328:0],512,512,0,0,0,0,1.5777329825061703,0,3.2969182939268649e-12,1,2026-10-03T13:14:37.232042+00:00
dam-break,serial,32,32,1024,8704,8.5,0,2560,6144,136,2,40,0,7,1,1,0.65133729204535484,0.8435100830101874,0.64473541616462171,0.012231375323608518,0.00014129444025456905,0.6260666677262634,0.0016163750551640987,0.0046777511015534401,0.0056272922083735466,0,6.6708074882626534e-05,8704,8704,8704,1,0:8704:136:8704:0.64473541616462171:0,1@0.02@1024@1024@1024@1[0:1024:16:1024:0.0028231660835444927:0]|2@0.040000000000000001@3328@3328@3328@1[0:3328:52:3328:0.0054571239743381739:0]|3@0.059999999999999998@3328@3328@3328@1[0:3328:52:3328:0.035355624044314027:0]|4@0.080000000000000002@8704@8704@8704@1[0:8704:136:8704:0.065162583021447062:0]|5@0.09596377142035252@8704@8704@8704@1[0:8704:136:8704:0.25908825010992587:0]|6@0.11192754284070504@8704@8704@8704@1[0:8704:136:8704:0.45211145817302167:0]|7@0.12@8704@8704@8704@1[0:8704:136:8704:0.64473541616462171:0],512,512,0,0,0,0,1.5777329825061703,0,3.2969182939268649e-12,2,2026-10-03T13:14:38.075804+00:00
dam-break,serial,32,32,1024,8704,8.5,0,2560,6144,136,2,40,0,7,1,1,0.65063183312304318,0.8407905829953961,0.64395933412015438,0.012042874470353127,0.00013166642747819424,0.62541870819404721,0.0017477916553616524,0.0046164586674422026,0.0056952089071273804,0,6.7333923652768135e-05,8704,8704,8704,1,0:8704:136:8704:0.64395933412015438:0,1@0.02@1024@1024@1024@1[0:1024:16:1024:0.0027976250275969505:0]|2@0.040000000000000001@3328@3328@3328@1[0:3328:52:3328:0.0054535830859094858:0]|3@0.059999999999999998@3328@3328@3328@1[0:3328:52:3328:0.035338583169505:0]|4@0.080000000000000002@8704@8704@8704@1[0:8704:136:8704:0.064858417026698589:0]|5@0.09596377142035252@8704@8704@8704@1[0:8704:136:8704:0.258466541999951:0]|6@0.11192754284070504@8704@8704@8704@1[0:8704:136:8704:0.45132904197089374:0]|7@0.12@8704@8704@8704@1[0:8704:136:8704:0.64395933412015438:0],512,512,0,0,0,0,1.5777329825061703,0,3.2969182939268649e-12,3,2026-10-03T13:14:38.916830+00:00
dam-break,openmp,32,32,1024,8704,8.5,0,2560,6144,136,2,40,0,7,1,1,0.027240874944254756,0.21561987500172108,0.020429626107215881,0.011456666281446815,0.00015912414528429508,0.002001084154471755,0.0024080001749098301,0.0044030423741787672,0.0058877503033727407,0,6.7708082497119904e-05,8704,8704,8704,1,0:8704:136:8704:0.020429626107215881:0,1@0.02@1024@1024@1024@1[0:1024:16:1024:0.00064366706646978855:0]|2@0.040000000000000001@3328@3328@3328@1[0:3328:52:3328:0.001146750058978796:0]|3@0.059999999999999998@3328@3328@3328@1[0:3328:52:3328:0.0030430001206696033:0]|4@0.080000000000000002@8704@8704@8704@1[0:8704:136:8704:0.0047403750941157341:0]|5@0.09596377142035252@8704@8704@8704@1[0:8704:136:8704:0.01039279205724597:0]|6@0.11192754284070504@8704@8704@8704@1[0:8704:136:8704:0.015346375992521644:0]|7@0.12@8704@8704@8704@1[0:8704:136:8704:0.020429626107215881:0],512,512,0,0,0,0,1.5777329825061703,0,3.2969182939268649e-12,1,2026-10-03T13:14:39.132767+00:00
dam-break,openmp,32,32,1024,8704,8.5,0,2560,6144,136,2,40,0,7,1,1,0.027158749988302588,0.21511758299311623,0.020549375331029296,0.011608375469222665,0.00014400016516447067,0.0019465400837361813,0.0022648328449577093,0.0045838737860321999,0.0056898752227425575,0,6.8709021434187889e-05,8704,8704,8704,1,0:8704:136:8704:0.020549375331029296:0,1@0.02@1024@1024@1024@1[0:1024:16:1024:0.00069454195909202099:0]|2@0.040000000000000001@3328@3328@3328@1[0:3328:52:3328:0.0011955839581787586:0]|3@0.059999999999999998@3328@3328@3328@1[0:3328:52:3328:0.0031700420659035444:0]|4@0.080000000000000002@8704@8704@8704@1[0:8704:136:8704:0.0048950002528727055:0]|5@0.09596377142035252@8704@8704@8704@1[0:8704:136:8704:0.010672583244740963:0]|6@0.11192754284070504@8704@8704@8704@1[0:8704:136:8704:0.015499083325266838:0]|7@0.12@8704@8704@8704@1[0:8704:136:8704:0.020549375331029296:0],512,512,0,0,0,0,1.5777329825061703,0,3.2969182939268649e-12,2,2026-10-03T13:14:39.348126+00:00
dam-break,openmp,32,32,1024,8704,8.5,0,2560,6144,136,2,40,0,7,1,1,0.027269291924312711,0.21769708298961632,0.02067308290861547,0.011608541244640946,0.00015108287334442139,0.0019521245267242193,0.0024848747998476028,0.0044746685307472944,0.005677125183865428,0,6.7957909777760506e-05,8704,8704,8704,1,0:8704:136:8704:0.02067308290861547:0,1@0.02@1024@1024@1024@1[0:1024:16:1024:0.00071154185570776463:0]|2@0.040000000000000001@3328@3328@3328@1[0:3328:52:3328:0.0012242917437106371:0]|3@0.059999999999999998@3328@3328@3328@1[0:3328:52:3328:0.0031533758156001568:0]|4@0.080000000000000002@8704@8704@8704@1[0:8704:136:8704:0.0048696668818593025:0]|5@0.09596377142035252@8704@8704@8704@1[0:8704:136:8704:0.010629999917000532:0]|6@0.11192754284070504@8704@8704@8704@1[0:8704:136:8704:0.015467707999050617:0]|7@0.12@8704@8704@8704@1[0:8704:136:8704:0.02067308290861547:0],512,512,0,0,0,0,1.5777329825061703,0,3.2969182939268649e-12,3,2026-10-03T13:14:39.566066+00:00
dam-break,openmp,32,32,1024,8704,8.5,0,2560,6144,136,2,40,0,7,2,1,0.026499541010707617,0.2157096670125611,0.019668874563649297,0.011734626023098826,0.00046537513844668865,0.0012939581647515297,0.0016007090453058481,0.0045724164228886366,0.0059082077350467443,0,6.6416105255484581e-05,8704,8704,8704,1,0:8704:136:8704:0.019668874563649297:0,1@0.02@1024@1024@1024@1[0:1024:16:1024:0.00094691687263548374:0]|2@0.040000000000000001@3328@3328@3328@1[0:3328:52:3328:0.0014624588657170534:0]|3@0.059999999999999998@3328@3328@3328@1[0:3328:52:3328:0.0032957086805254221:0]|4@0.080000000000000002@8704@8704@8704@1[0:8704:136:8704:0.0048709164839237928:0]|5@0.09596377142035252@8704@8704@8704@1[0:8704:136:8704:0.010260082548484206:0]|6@0.11192754284070504@8704@8704@8704@1[0:8704:136:8704:0.014978249557316303:0]|7@0.12@8704@8704@8704@1[0:8704:136:8704:0.019668874563649297:0],512,512,0,0,0,0,1.5777329825061703,0,3.2969182939268649e-12,1,2026-10-03T13:14:39.782099+00:00
dam-break,openmp,32,32,1024,8704,8.5,0,2560,6144,136,2,40,0,7,2,1,0.026389291975647211,0.21646091699949466,0.019609291106462479,0.011794167337939143,0.00022666575387120247,0.0013199993409216404,0.0016469170805066824,0.0046197068877518177,0.0058441669680178165,0,6.8250112235546112e-05,8704,8704,8704,1,0:8704:136:8704:0.019609291106462479:0,1@0.02@1024@1024@1024@1[0:1024:16:1024:0.0007963329553604126:0]|2@0.040000000000000001@3328@3328@3328@1[0:3328:52:3328:0.0013395000714808702:0]|3@0.059999999999999998@3328@3328@3328@1[0:3328:52:3328:0.0031735410448163748:0]|4@0.080000000000000002@8704@8704@8704@1[0:8704:136:8704:0.0047574990894645452:0]|5@0.09596377142035252@8704@8704@8704@1[0:8704:136:8704:0.010096749057993293:0]|6@0.11192754284070504@8704@8704@8704@1[0:8704:136:8704:0.014866416109725833:0]|7@0.12@8704@8704@8704@1[0:8704:136:8704:0.019609291106462479:0],512,512,0,0,0,0,1.5777329825061703,0,3.2969182939268649e-12,2,2026-10-03T13:14:39.998793+00:00
dam-break,openmp,32,32,1024,8704,8.5,0,2560,6144,136,2,40,0,7,2,1,0.025665958877652884,0.21496870901319198,0.019043707055971026,0.011559541570022702,0.00021324818953871727,0.0013096239417791367,0.0016141657251864672,0.0043454165570437908,0.0056872919667512178,0,6.6666863858699799e-05,8704,8704,8704,1,0:8704:136:8704:0.019043707055971026:0,1@0.02@1024@1024@1024@1[0:1024:16:1024:0.00067766709253191948:0]|2@0.040000000000000001@3328@3328@3328@1[0:3328:52:3328:0.0011918749660253525:0]|3@0.059999999999999998@3328@3328@3328@1[0:3328:52:3328:0.0030887080356478691:0]|4@0.080000000000000002@8704@8704@8704@1[0:8704:136:8704:0.0046709990128874779:0]|5@0.09596377142035252@8704@8704@8704@1[0:8704:136:8704:0.0099939990323036909:0]|6@0.11192754284070504@8704@8704@8704@1[0:8704:136:8704:0.014588956953957677:0]|7@0.12@8704@8704@8704@1[0:8704:136:8704:0.019043707055971026:0],512,512,0,0,0,0,1.5777329825061703,0,3.2969182939268649e-12,3,2026-10-03T13:14:40.214031+00:00
dam-break,openmp,32,32,1024,8704,8.5,0,2560,6144,136,2,40,0,7,4,1,0.025872207945212722,0.21441283298190683,0.019147375598549843,0.011884456966072321,0.00026316707953810692,0.0011939574033021927,0.001367208082228899,0.0044367921072989702,0.0058106670621782541,0,6.7833112552762032e-05,8704,8704,8704,1,0:8704:136:8704:0.019147375598549843:0,1@0.02@1024@1024@1024@1[0:1024:16:1024:0.00070395786315202713:0]|2@0.040000000000000001@3328@3328@3328@1[0:3328:52:3328:0.0012323327828198671:0]|3@0.059999999999999998@3328@3328@3328@1[0:3328:52:3328:0.0030619166791439056:0]|4@0.080000000000000002@8704@8704@8704@1[0:8704:136:8704:0.0046647086273878813:0]|5@0.09596377142035252@8704@8704@8704@1[0:8704:136:8704:0.010263333562761545:0]|6@0.11192754284070504@8704@8704@8704@1[0:8704:136:8704:0.014786375686526299:0]|7@0.12@8704@8704@8704@1[0:8704:136:8704:0.019147375598549843:0],512,512,0,0,0,0,1.5777329825061703,0,3.2969182939268649e-12,1,2026-10-03T13:14:40.428751+00:00
dam-break,openmp,32,32,1024,8704,8.5,0,2560,6144,136,2,40,0,7,4,1,0.025282833026722074,0.21628475000034086,0.018819292774423957,0.011748582124710083,0.00031112506985664368,0.0010970828589051962,0.0012999181635677814,0.0043606669642031193,0.0055546250659972429,0,6.6624954342842102e-05,8704,8704,8704,1,0:8704:136:8704:0.018819292774423957:0,1@0.02@1024@1024@1024@1[0:1024:16:1024:0.0007049159612506628:0]|2@0.040000000000000001@3328@3328@3328@1[0:3328:52:3328:0.0012266659177839756:0]|3@0.059999999999999998@3328@3328@3328@1[0:3328:52:3328:0.0029821249190717936:0]|4@0.080000000000000002@8704@8704@8704@1[0:8704:136:8704:0.0045266670640558004:0]|5@0.09596377142035252@8704@8704@8704@1[0:8704:136:8704:0.010180708952248096:0]|6@0.11192754284070504@8704@8704@8704@1[0:8704:136:8704:0.014524375787004828:0]|7@0.12@8704@8704@8704@1[0:8704:136:8704:0.018819292774423957:0],512,512,0,0,0,0,1.5777329825061703,0,3.2969182939268649e-12,2,2026-10-03T13:14:40.645262+00:00
dam-break,openmp,32,32,1024,8704,8.5,0,2560,6144,136,2,40,0,7,4,1,0.025194207904860377,0.2194374589889776,0.018357083667069674,0.011344541795551777,0.00022358191199600697,0.00097845797426998615,0.001231292262673378,0.0045774569734930992,0.0058653340674936771,0,7.1416841819882393e-05,8704,8704,8704,1,0:8704:136:8704:0.018357083667069674:0,1@0.02@1024@1024@1024@1[0:1024:16:1024:0.00075825001113116741:0]|2@0.040000000000000001@3328@3328@3328@1[0:3328:52:3328:0.0012740418314933777:0]|3@0.059999999999999998@3328@3328@3328@1[0:3328:52:3328:0.0030169996898621321:0]|4@0.080000000000000002@8704@8704@8704@1[0:8704:136:8704:0.0045816667843610048:0]|5@0.09596377142035252@8704@8704@8704@1[0:8704:136:8704:0.0095334576908499002:0]|6@0.11192754284070504@8704@8704@8704@1[0:8704:136:8704:0.01388291665352881:0]|7@0.12@8704@8704@8704@1[0:8704:136:8704:0.018357083667069674:0],512,512,0,0,0,0,1.5777329825061703,0,3.2969182939268649e-12,3,2026-10-03T13:14:40.864954+00:00
dam-break,mpi,32,32,1024,8704,8.5,0,2560,6144,136,2,40,0,7,1,1,0.024666,0.25046574999578297,0.018826999999999997,0.011989999999999999,0.00013400000000000391,0.001968000000000001,0.0023559999999999918,0.0023770000000000024,0.0048280000000000007,0.0026239999999999857,0.0001399999999999943,8704,8704,8704,1,0:8704:136:8704:0.018826999999999997:0.002549999999999995,1@0.02@1024@1024@1024@1[0:1024:16:1024:0.00085700000000000012:0.00019399999999999973]|2@0.040000000000000001@3328@3328@3328@1[0:3328:52:3328:0.001372:0.00030199999999999845]|3@0.059999999999999998@3328@3328@3328@1[0:3328:52:3328:0.0031579999999999993:0.00051999999999999789]|4@0.080000000000000002@8704@8704@8704@1[0:8704:136:8704:0.004748999999999998:0.0007449999999999974]|5@0.09596377142035252@8704@8704@8704@1[0:8704:136:8704:0.010102999999999999:0.0013529999999999948]|6@0.11192754284070504@8704@8704@8704@1[0:8704:136:8704:0.014500000000000001:0.0019599999999999947]|7@0.12@8704@8704@8704@1[0:8704:136:8704:0.018826999999999997:0.002549999999999995],512,512,0,0,0,0,1.5777329825061703,0,3.2969182939268649e-12,1,2026-10-03T13:14:41.115724+00:00
dam-break,mpi,32,32,1024,8704,8.5,0,2560,6144,136,2,40,0,7,1,1,0.024726999999999999,0.24351125000976026,0.018915999999999995,0.012022999999999997,0.00014899999999999983,0.0019710000000000023,0.002366,0.0024050000000000009,0.0048339999999999998,0.0024989999999999908,0.00014100000000000223,8704,8704,8704,1,0:8704:136:8704:0.018915999999999995:0.0024259999999999941,1@0.02@1024@1024@1024@1[0:1024:16:1024:0.00062199999999999929:7.0999999999998148e-05]|2@0.040000000000000001@3328@3328@3328@1[0:3328:52:3328:0.0011190000000000002:0.00014199999999999803]|3@0.059999999999999998@3328@3328@3328@1[0:3328:52:3328:0.0029479999999999992:0.00035899999999999994]|4@0.080000000000000002@8704@8704@8704@1[0:8704:136:8704:0.0045369999999999976:0.00058499999999999872]|5@0.09596377142035252@8704@8704@8704@1[0:8704:136:8704:0.0095489999999999967:0.0011929999999999927]|6@0.11192754284070504@8704@8704@8704@1[0:8704:136:8704:0.014531999999999998:0.0018209999999999962]|7@0.12@8704@8704@8704@1[0:8704:136:8704:0.018915999999999995:0.0024259999999999941],512,512,0,0,0,0,1.5777329825061703,0,3.2969182939268649e-12,2,2026-10-03T13:14:41.359487+00:00
dam-break,mpi,32,32,1024,8704,8.5,0,2560,6144,136,2,40,0,7,1,1,0.024667000000000001,0.2455618750245776,0.018834999999999998,0.011992999999999995,0.00013500000000000144,0.0019579999999999997,0.0023699999999999988,0.0023760000000000031,0.004837000000000001,0.0024630000000000034,0.00014200000000000323,8704,8704,8704,1,0:8704:136:8704:0.018834999999999998:0.0023880000000000047,1@0.02@1024@1024@1024@1[0:1024:16:1024:0.00062200000000000102:6.9000000000001352e-05]|2@0.040000000000000001@3328@3328@3328@1[0:3328:52:3328:0.0011050000000000018:0.0001389999999999985]|3@0.059999999999999998@3328@3328@3328@1[0:3328:52:3328:0.0032310000000000012:0.00036099999999999847]|4@0.080000000000000002@8704@8704@8704@1[0:8704:136:8704:0.0049830000000000013:0.00059499999999999831]|5@0.09596377142035252@8704@8704@8704@1[0:8704:136:8704:0.0099750000000000012:0.0011970000000000001]|6@0.11192754284070504@8704@8704@8704@1[0:8704:136:8704:0.014329999999999999:0.0018040000000000035]|7@0.12@8704@8704@8704@1[0:8704:136:8704:0.018834999999999998:0.0023880000000000047],512,512,0,0,0,0,1.5777329825061703,0,3.2969182939268649e-12,3,2026-10-03T13:14:41.605300+00:00
dam-break,mpi,32,32,1024,8704,8.5,0,2560,6144,136,2,40,0,7,1,2,0.025140000000000003,0.24503958300920203,0.017894000000000007,0.012926000000000005,0.00010899999999999799,0.0020619999999999961,0.0014600000000000012,0.0013330000000000009,0.0045800000000000007,0.0048560000000000148,0.001689000000000003,4352,4352,4352,1,0:4352:68:4352:0.017894000000000007:0.0032020000000000052;1:4352:68:4352:0.01797:0.0034309999999999966,1@0.02@512@512@512@1[0:512:8:512:0.001353:0.00078000000000000118;1:512:8:512:0.001354000000000001:0.00082900000000000161]|2@0.040000000000000001@1664@1664@1664@1[0:1664:26:1664:0.0025929999999999998:0.0016440000000000048;1:1664:26:1664:0.0025929999999999998:0.0017299999999999989]|3@0.059999999999999998@1664@1664@1664@1[0:1664:26:1664:0.0042380000000000004:0.0018090000000000033;1:1664:26:1664:0.0042379999999999987:0.0018909999999999969]|4@0.080000000000000002@4352@4352@4352@1[0:4352:68:4352:0.0056100000000000021:0.0019840000000000049;1:4352:68:4352:0.0056100000000000004:0.0022310000000000073]|5@0.09596377142035252@4352@4352@4352@1[0:4352:68:4352:0.010357000000000003:0.0024270000000000038;1:4352:68:4352:0.010430000000000002:0.0026700000000000057]|6@0.11192754284070504@4352@4352@4352@1[0:4352:68:4352:0.014179000000000002:0.0028060000000000047;1:4352:68:4352:0.014253000000000002:0.0030480000000000125]|7@0.12@4352@4352@4352@1[0:4352:68:4352:0.017894000000000007:0.0032020000000000052;1:4352:68:4352:0.01797:0.0034309999999999966],512,512,0,0,0,0,1.5777329825061703,0,9.0949470177292824e-13,1,2026-10-03T13:14:41.850652+00:00
dam-break,mpi,32,32,1024,8704,8.5,0,2560,6144,136,2,40,0,7,1,2,0.025705000000000002,0.24660658297943883,0.018249999999999995,0.012207000000000003,0.0001399999999999995,0.0029710000000000014,0.0015709999999999977,0.0013579999999999964,0.004583000000000002,0.0048210000000000128,0.0019240000000000021,4352,4352,4352,1,0:4352:68:4352:0.018249999999999995:0.002930000000000009;1:4352:68:4352:0.018268999999999997:0.0036149999999999516,1@0.02@512@512@512@1[0:512:8:512:0.00058300000000000018:7.1999999999999148e-05;1:512:8:512:0.00058199999999999918:7.799999999999821e-05]|2@0.040000000000000001@1664@1664@1664@1[0:1664:26:1664:0.0021139999999999996:0.0012419999999999966;1:1664:26:1664:0.0021130000000000003:0.0012789999999999937]|3@0.059999999999999998@1664@1664@1664@1[0:1664:26:1664:0.0037519999999999984:0.0014609999999999953;1:1664:26:1664:0.0037499999999999999:0.001481999999999992]|4@0.080000000000000002@4352@4352@4352@1[0:4352:68:4352:0.0051369999999999957:0.0016419999999999976;1:4352:68:4352:0.0051350000000000007:0.0018029999999999644]|5@0.09596377142035252@4352@4352@4352@1[0:4352:68:4352:0.010440999999999995:0.0021569999999999992;1:4352:68:4352:0.010439:0.0027409999999999657]|6@0.11192754284070504@4352@4352@4352@1[0:4352:68:4352:0.014447999999999996:0.0025490000000000061;1:4352:68:4352:0.014464999999999999:0.0032099999999999594]|7@0.12@4352@4352@4352@1[0:4352:68:4352:0.018249999999999995:0.002930000000000009;1:4352:68:4352:0.018268999999999997:0.0036149999999999516],512,512,0,0,0,0,1.5777329825061703,0,9.0949470177292824e-13,2,2026-10-03T13:14:42.097529+00:00
dam-break,mpi,32,32,1024,8704,8.5,0,2560,6144,136,2,40,0,7,1,2,0.025706,0.24702979199355468,0.017855999999999997,0.012832,0.00010199999999999446,0.0020690000000000031,0.0014879999999999997,0.0013640000000000024,0.0045839999999999978,0.0049459999999999973,0.0023250000000000007,4352,4352,4352,1,0:4352:68:4352:0.017855999999999997:0.0026539999999999949;1:4352:68:4352:0.017876000000000003:0.002824999999999989,1@0.02@512@512@512@1[0:512:8:512:0.00059099999999999951:8.8000000000001272e-05;1:512:8:512:0.00059099999999999951:7.6999999999995475e-05]|2@0.040000000000000001@1664@1664@1664@1[0:1664:26:1664:0.0017799999999999986:0.00091699999999999768;1:1664:26:1664:0.0017800000000000003:0.00098499999999999456]|3@0.059999999999999998@1664@1664@1664@1[0:1664:26:1664:0.0034009999999999978:0.0011420000000000007;1:1664:26:1664:0.0034000000000000002:0.0011369999999999939]|4@0.080000000000000002@4352@4352@4352@1[0:4352:68:4352:0.0047629999999999981:0.001323000000000003;1:4352:68:4352:0.0047620000000000006:0.0014539999999999848]|5@0.09596377142035252@4352@4352@4352@1[0:4352:68:4352:0.0090999999999999987:0.0017280000000000056;1:4352:68:4352:0.0091010000000000032:0.0018769999999999846]|6@0.11192754284070504@4352@4352@4352@1[0:4352:68:4352:0.013538999999999997:0.0022090000000000009;1:4352:68:4352:0.013541000000000003:0.0022879999999999862]|7@0.12@4352@4352@4352@1[0:4352:68:4352:0.017855999999999997:0.0026539999999999949;1:4352:68:4352:0.017876000000000003:0.002824999999999989],512,512,0,0,0,0,1.5777329825061703,0,9.0949470177292824e-13,3,2026-10-03T13:14:42.344887+00:00
dam-break,mpi,32,32,1024,8704,8.5,0,2560,6144,136,2,40,0,7,1,4,0.026481999999999999,0.2562882909842301,0.019601000000000007,0.014303999999999997,0.00012100000000000305,0.0028279999999999972,0.0013920000000000009,0.0009530000000000094,0.0044119999999999958,0.0054739999999999789,0.0015150000000000025,2176,2176,2176,1,0:2176:34:2176:0.019601000000000007:0.0039749999999999786;1:2176:34:2176:0.019605999999999995:0.0048290000000000034;2:2176:34:2176:0.019558000000000002:0.0044210000000000013;3:2176:34:2176:0.019605999999999998:0.0052579999999999953,1@0.02@256@256@256@1[0:256:4:256:0.00064200000000000021:8.8000000000001272e-05;1:256:4:256:0.00064499999999999974:0.00093700000000000033;2:256:4:256:0.00064100000000000094:0.00092899999999999927;3:256:4:256:0.00064200000000000021:0.00092499999999999874]|2@0.040000000000000001@832@832@832@1[0:832:13:832:0.002588:0.0017009999999999942;1:832:13:832:0.0025909999999999996:0.0025609999999999938;2:832:13:832:0.002586999999999999:0.0025660000000000092;3:832:13:832:0.0025900000000000003:0.0025659999999999988]|3@0.059999999999999998@832@832@832@1[0:832:13:832:0.0042410000000000017:0.0018789999999999987;1:832:13:832:0.0042470000000000008:0.0027649999999999966;2:832:13:832:0.0042409999999999982:0.0028090000000000059;3:832:13:832:0.004245999999999998:0.0027639999999999991]|4@0.080000000000000002@2176@2176@2176@1[0:2176:34:2176:0.005565000000000004:0.0020479999999999977;1:2176:34:2176:0.0055720000000000006:0.0029960000000000021;2:2176:34:2176:0.005565999999999998:0.0030980000000000139;3:2176:34:2176:0.0055689999999999958:0.0030269999999999984]|5@0.09596377142035252@2176@2176@2176@1[0:2176:34:2176:0.011714000000000002:0.003130999999999988;1:2176:34:2176:0.011717000000000002:0.0039649999999999998;2:2176:34:2176:0.011717999999999999:0.003779000000000015;3:2176:34:2176:0.011718999999999999:0.0043150000000000029]|6@0.11192754284070504@2176@2176@2176@1[0:2176:34:2176:0.015894000000000005:0.0036389999999999825;1:2176:34:2176:0.015899:0.004439000000000002;2:2176:34:2176:0.015851000000000001:0.0041210000000000066;3:2176:34:2176:0.015897999999999995:0.0048229999999999974]|7@0.12@2176@2176@2176@1[0:2176:34:2176:0.019601000000000007:0.0039749999999999786;1:2176:34:2176:0.019605999999999995:0.0048290000000000034;2:2176:34:2176:0.019558000000000002:0.0044210000000000013;3:2176:34:2176:0.019605999999999998:0.0052579999999999953],512,512,0,0,0,0,1.5777329825061703,0,3.979039320256561e-13,1,2026-10-03T13:14:42.601504+00:00
dam-break,mpi,32,32,1024,8704,8.5,0,2560,6144,136,2,40,0,7,1,4,0.026787000000000002,0.25658241601195186,0.019524,0.014222000000000002,0.00011499999999999705,0.0028329999999999987,0.0013150000000000002,0.0010369999999999997,0.004832000000000003,0.0058589999999999615,0.0010620000000000004,2176,2176,2176,1,0:2176:34:2176:0.019524:0.0048179999999999681;1:2176:34:2176:0.019515999999999999:0.0056230000000000342;2:2176:34:2176:0.019495999999999999:0.0052510000000000542;3:2176:34:2176:0.019429999999999999:0.0049150000000000253,1@0.02@256@256@256@1[0:256:4:256:0.00061999999999999902:0.00020399999999999932;1:256:4:256:0.00061600000000000196:0.00011500000000000399;2:256:4:256:0.00061899999999999802:0.00012700000000000211;3:256:4:256:0.00061499999999999749:0.00021699999999999671]|2@0.040000000000000001@832@832@832@1[0:832:13:832:0.0028299999999999992:0.0021789999999999865;1:832:13:832:0.0028280000000000007:0.0021280000000000084;2:832:13:832:0.0028289999999999982:0.0021550000000000007;3:832:13:832:0.0028269999999999997:0.0022470000000000042]|3@0.059999999999999998@832@832@832@1[0:832:13:832:0.0049139999999999982:0.0028789999999999857;1:832:13:832:0.0049179999999999988:0.0029060000000000127;2:832:13:832:0.0049139999999999982:0.0024810000000000006;3:832:13:832:0.0049069999999999982:0.0025900000000000038]|4@0.080000000000000002@2176@2176@2176@1[0:2176:34:2176:0.0065999999999999982:0.0033139999999999697;1:2176:34:2176:0.0066049999999999998:0.0034260000000000367;2:2176:34:2176:0.006579999999999999:0.0028000000000000351;3:2176:34:2176:0.0065899999999999986:0.0031410000000000032]|5@0.09596377142035252@2176@2176@2176@1[0:2176:34:2176:0.010956999999999995:0.0037589999999999707;1:2176:34:2176:0.010960999999999999:0.0038120000000000411;2:2176:34:2176:0.010939000000000001:0.0032260000000000379;3:2176:34:2176:0.010945999999999997:0.0036000000000000008]|6@0.11192754284070504@2176@2176@2176@1[0:2176:34:2176:0.014781999999999997:0.0041939999999999755;1:2176:34:2176:0.014779999999999995:0.0042710000000000352;2:2176:34:2176:0.014762999999999998:0.0036800000000000443;3:2176:34:2176:0.014766999999999999:0.0040580000000000078]|7@0.12@2176@2176@2176@1[0:2176:34:2176:0.019524:0.0048179999999999681;1:2176:34:2176:0.019515999999999999:0.0056230000000000342;2:2176:34:2176:0.019495999999999999:0.0052510000000000542;3:2176:34:2176:0.019429999999999999:0.0049150000000000253],512,512,0,0,0,0,1.5777329825061703,0,3.979039320256561e-13,2,2026-10-03T13:14:42.858378+00:00
dam-break,mpi,32,32,1024,8704,8.5,0,2560,6144,136,2,40,0,7,1,4,0.026860999999999999,0.259348499996122,0.020441999999999995,0.014824999999999998,0.00012100000000000652,0.0030280000000000064,0.0014959999999999835,0.00096699999999999911,0.0044670000000000022,0.0045370000000000202,0.00090900000000000009,2176,2176,2176,1,0:2176:34:2176:0.020441999999999995:0.0036450000000000232;1:2176:34:2176:0.020517000000000001:0.0050870000000000151;2:2176:34:2176:0.020508000000000002:0.0048969999999999847;3:2176:34:2176:0.020479000000000004:0.0049269999999999974,1@0.02@256@256@256@1[0:256:4:256:0.0006540000000000018:0.00014300000000000077;1:256:4:256:0.0006519999999999998:0.00020799999999999985;2:256:4:256:0.0006540000000000018:0.00012200000000000752;3:256:4:256:0.00065400000000000007:0.00014100000000000223]|2@0.040000000000000001@832@832@832@1[0:832:13:832:0.0027040000000000015:0.0018739999999999972;1:832:13:832:0.0027039999999999981:0.0019469999999999939;2:832:13:832:0.0027030000000000005:0.001859000000000003;3:832:13:832:0.0027050000000000008:0.0018879999999999973]|3@0.059999999999999998@832@832@832@1[0:832:13:832:0.0042990000000000007:0.002073999999999989;1:832:13:832:0.0043009999999999993:0.0021450000000000011;2:832:13:832:0.0042979999999999997:0.0020680000000000039;3:832:13:832:0.004302000000000002:0.0020619999999999944]|4@0.080000000000000002@2176@2176@2176@1[0:2176:34:2176:0.0056240000000000005:0.0023570000000000015;1:2176:34:2176:0.0056250000000000015:0.0023570000000000119;2:2176:34:2176:0.005623000000000003:0.0023940000000000003;3:2176:34:2176:0.0056270000000000018:0.0023800000000000002]|5@0.09596377142035252@2176@2176@2176@1[0:2176:34:2176:0.012450999999999997:0.0029470000000000121;1:2176:34:2176:0.012449000000000002:0.0039810000000000054;2:2176:34:2176:0.012442999999999999:0.0040849999999999984;3:2176:34:2176:0.012450000000000001:0.0040569999999999981]|6@0.11192754284070504@2176@2176@2176@1[0:2176:34:2176:0.016626999999999996:0.0033010000000000192;1:2176:34:2176:0.016698000000000005:0.0047180000000000069;2:2176:34:2176:0.016687999999999998:0.0044549999999999867;3:2176:34:2176:0.016662000000000003:0.0044519999999999942]|7@0.12@2176@2176@2176@1[0:2176:34:2176:0.020441999999999995:0.0036450000000000232;1:2176:34:2176:0.020517000000000001:0.0050870000000000151;2:2176:34:2176:0.020508000000000002:0.0048969999999999847;3:2176:34:2176:0.020479000000000004:0.0049269999999999974],512,512,0,0,0,0,1.5777329825061703,0,3.979039320256561e-13,3,2026-10-03T13:14:43.118040+00:00
rain-drain,serial,32,32,1024,1024,1,1024,0,0,16,0,0,0,6,1,1,0.017253083176910877,0.20884416598710231,0.016798458294942975,0.0019277497194707394,3.4166965633630753e-05,0.013964039972051978,0.00035624927841126919,0.0005147913470864296,0.0002068749163299799,0,1.0249903425574303e-05,1024,1024,1024,1,0:1024:16:1024:0.016798458294942975:0,1@0.02@1024@1024@1024@1[0:1024:16:1024:0.0029037499334663153:0]|2@0.040000000000000001@1024@1024@1024@1[0:1024:16:1024:0.0058267919812351465:0]|3@0.059999999999999998@1024@1024@1024@1[0:1024:16:1024:0.0086390001233667135:0]|4@0.080000000000000002@1024@1024@1024@1[0:1024:16:1024:0.011320417048409581:0]|5@0.10000000000000001@1024@1024@1024@1[0:1024:16:1024:0.014107208233326674:0]|6@0.12@1024@1024@1024@1[0:1024:16:1024:0.016798458294942975:0],30.719999999999999,30.687886881157862,0.0020479999999999999,0.034133333333333335,2.7785508799653721e-05,3.5527136788005009e-15,0.0011582131471606389,0,0,1,2026-10-03T13:14:43.327385+00:00
rain-drain,serial,32,32,1024,1024,1,1024,0,0,16,0,0,0,6,1,1,0.016950750024989247,0.20494787499774247,0.016499708173796535,0.0018062072340399027,3.5998877137899399e-05,0.013780916109681129,0.00035545858554542065,0.00051962514407932758,0.00019987486302852631,0,9.3749258667230606e-06,1024,1024,1024,1,0:1024:16:1024:0.016499708173796535:0,1@0.02@1024@1024@1024@1[0:1024:16:1024:0.0028651251923292875:0]|2@0.040000000000000001@1024@1024@1024@1[0:1024:16:1024:0.0055527081713080406:0]|3@0.059999999999999998@1024@1024@1024@1[0:1024:16:1024:0.008257583249360323:0]|4@0.080000000000000002@1024@1024@1024@1[0:1024:16:1024:0.010916583240032196:0]|5@0.10000000000000001@1024@1024@1024@1[0:1024:16:1024:0.013584625208750367:0]|6@0.12@1024@1024@1024@1[0:1024:16:1024:0.016499708173796535:0],30.719999999999999,30.687886881157862,0.0020479999999999999,0.034133333333333335,2.7785508799653721e-05,3.5527136788005009e-15,0.0011582131471606389,0,0,2,2026-10-03T13:14:43.532591+00:00
rain-drain,serial,32,32,1024,1024,1,1024,0,0,16,0,0,0,6,1,1,0.019605749985203147,0.21043679100694135,0.019009041832759976,0.0022878746967762709,4.0499027818441391e-05,0.015669665532186627,0.000407456886023283,0.00060187513008713722,0.00031116721220314503,0,1.0208925232291222e-05,1024,1024,1024,1,0:1024:16:1024:0.019009041832759976:0,1@0.02@1024@1024@1024@1[0:1024:16:1024:0.0033236250746995211:0]|2@0.040000000000000001@1024@1024@1024@1[0:1024:16:1024:0.0064712921157479286:0]|3@0.059999999999999998@1024@1024@1024@1[0:1024:16:1024:0.0097392089664936066:0]|4@0.080000000000000002@1024@1024@1024@1[0:1024:16:1024:0.012855625944212079:0]|5@0.10000000000000001@1024@1024@1024@1[0:1024:16:1024:0.015938583761453629:0]|6@0.12@1024@1024@1024@1[0:1024:16:1024:0.019009041832759976:0],30.719999999999999,30.687886881157862,0.0020479999999999999,0.034133333333333335,2.7785508799653721e-05,3.5527136788005009e-15,0.0011582131471606389,0,0,3,2026-10-03T13:14:43.743289+00:00
rain-drain,openmp,32,32,1024,1024,1,1024,0,0,16,0,0,0,6,1,1,0.0045165831688791513,0.2211562090087682,0.0039647906087338924,0.0023334580473601818,4.5082764700055122e-05,0.00039937393739819527,0.00056312605738639832,0.00062191695906221867,0.00022633280605077744,0,1.0499963536858559e-05,1024,1024,1024,1,0:1024:16:1024:0.0039647906087338924:0,1@0.02@1024@1024@1024@1[0:1024:16:1024:0.00080616679042577744:0]|2@0.040000000000000001@1024@1024@1024@1[0:1024:16:1024:0.0014059587847441435:0]|3@0.059999999999999998@1024@1024@1024@1[0:1024:16:1024:0.001992624718695879:0]|4@0.080000000000000002@1024@1024@1024@1[0:1024:16:1024:0.0025635827332735062:0]|5@0.10000000000000001@1024@1024@1024@1[0:1024:16:1024:0.003174373647198081:0]|6@0.12@1024@1024@1024@1[0:1024:16:1024:0.0039647906087338924:0],30.719999999999999,30.687886881157862,0.0020479999999999999,0.034133333333333335,2.7785508799653721e-05,3.5527136788005009e-15,0.0011582131471606389,0,0,1,2026-10-03T13:14:43.964832+00:00
rain-drain,openmp,32,32,1024,1024,1,1024,0,0,16,0,0,0,6,1,1,0.0060065840370953083,0.24398141700658016,0.0052890409715473652,0.0030323334503918886,5.4332194849848747e-05,0.00056112278252840042,0.00079849897883832455,0.00084041780792176723,0.00032266601920127869,0,1.4875084161758423e-05,1024,1024,1024,1,0:1024:16:1024:0.0052890409715473652:0,1@0.02@1024@1024@1024@1[0:1024:16:1024:0.0011579999700188637:0]|2@0.040000000000000001@1024@1024@1024@1[0:1024:16:1024:0.0020126248709857464:0]|3@0.059999999999999998@1024@1024@1024@1[0:1024:16:1024:0.0028474170248955488:0]|4@0.080000000000000002@1024@1024@1024@1[0:1024:16:1024:0.0036660830955952406:0]|5@0.10000000000000001@1024@1024@1024@1[0:1024:16:1024:0.0044799160677939653:0]|6@0.12@1024@1024@1024@1[0:1024:16:1024:0.0052890409715473652:0],30.719999999999999,30.687886881157862,0.0020479999999999999,0.034133333333333335,2.7785508799653721e-05,3.5527136788005009e-15,0.0011582131471606389,0,0,2,2026-10-03T13:14:44.209103+00:00
rain-drain,openmp,32,32,1024,1024,1,1024,0,0,16,0,0,0,6,1,1,0.0059831661637872458,0.26403079097508453,0.0052544581703841686,0.0029870832804590464,5.9332931414246559e-05,0.00057162577286362648,0.0007998317014425993,0.00083400099538266659,0.00032887491397559643,0,1.5249941498041153e-05,1024,1024,1024,1,0:1024:16:1024:0.0052544581703841686:0,1@0.02@1024@1024@1024@1[0:1024:16:1024:0.0011210411321371794:0]|2@0.040000000000000001@1024@1024@1024@1[0:1024:16:1024:0.0019762911833822727:0]|3@0.059999999999999998@1024@1024@1024@1[0:1024:16:1024:0.0028072912245988846:0]|4@0.080000000000000002@1024@1024@1024@1[0:1024:16:1024:0.0036292083095759153:0]|5@0.10000000000000001@1024@1024@1024@1[0:1024:16:1024:0.0044489582069218159:0]|6@0.12@1024@1024@1024@1[0:1024:16:1024:0.0052544581703841686:0],30.719999999999999,30.687886881157862,0.0020479999999999999,0.034133333333333335,2.7785508799653721e-05,3.5527136788005009e-15,0.0011582131471606389,0,0,3,2026-10-03T13:14:44.473520+00:00
rain-drain,openmp,32,32,1024,1024,1,1024,0,0,16,0,0,0,6,2,1,0.0066238748840987682,0.3157805420050863,0.00600658287294209,0.0034189578145742416,0.00031270808540284634,0.00080849975347518921,0.00069454102776944637,0.00076866522431373596,0.00025370810180902481,0,1.49579718708992e-05,1024,1024,1024,1,0:1024:16:1024:0.00600658287294209:0,1@0.02@1024@1024@1024@1[0:1024:16:1024:0.0016243751160800457:0]|2@0.040000000000000001@1024@1024@1024@1[0:1024:16:1024:0.002535542007535696:0]|3@0.059999999999999998@1024@1024@1024@1[0:1024:16:1024:0.0033238339237868786:0]|4@0.080000000000000002@1024@1024@1024@1[0:1024:16:1024:0.0041263760067522526:0]|5@0.10000000000000001@1024@1024@1024@1[0:1024:16:1024:0.0049775419756770134:0]|6@0.12@1024@1024@1024@1[0:1024:16:1024:0.00600658287294209:0],30.719999999999999,30.687886881157862,0.0020479999999999999,0.034133333333333335,2.7785508799653721e-05,3.5527136788005009e-15,0.0011582131471606389,0,0,1,2026-10-03T13:14:44.789835+00:00
rain-drain,openmp,32,32,1024,1024,1,1024,0,0,16,0,0,0,6,2,1,0.0079385419376194477,0.332779041986214,0.0072177909314632416,0.0036940418649464846,0.00041433260776102543,0.0012632515281438828,0.00089020817540585995,0.00095337466336786747,0.00030720815993845463,0,1.5459023416042328e-05,1024,1024,1024,1,0:1024:16:1024:0.0072177909314632416:0,1@0.02@1024@1024@1024@1[0:1024:16:1024:0.0016077079344540834:0]|2@0.040000000000000001@1024@1024@1024@1[0:1024:16:1024:0.0027104578912258148:0]|3@0.059999999999999998@1024@1024@1024@1[0:1024:16:1024:0.0039464989677071571:0]|4@0.080000000000000002@1024@1024@1024@1[0:1024:16:1024:0.0050276659894734621:0]|5@0.10000000000000001@1024@1024@1024@1[0:1024:16:1024:0.0060503329150378704:0]|6@0.12@1024@1024@1024@1[0:1024:16:1024:0.0072177909314632416:0],30.719999999999999,30.687886881157862,0.0020479999999999999,0.034133333333333335,2.7785508799653721e-05,3.5527136788005009e-15,0.0011582131471606389,0,0,2,2026-10-03T13:14:45.123003+00:00
rain-drain,openmp,32,32,1024,1024,1,1024,0,0,16,0,0,0,6,2,1,0.0064405410084873438,0.32125016700592823,0.0056879594922065735,0.0033811239991337061,0.00020566466264426708,0.00061320792883634567,0.00062224944122135639,0.00086333206854760647,0.00034775002859532833,0,1.4874851331114769e-05,1024,1024,1024,1,0:1024:16:1024:0.0056879594922065735:0,1@0.02@1024@1024@1024@1[0:1024:16:1024:0.0013923328369855881:0]|2@0.040000000000000001@1024@1024@1024@1[0:1024:16:1024:0.0023617076221853495:0]|3@0.059999999999999998@1024@1024@1024@1[0:1024:16:1024:0.0031877495348453522:0]|4@0.080000000000000002@1024@1024@1024@1[0:1024:16:1024:0.0040050833486020565:0]|5@0.10000000000000001@1024@1024@1024@1[0:1024:16:1024:0.0048641255125403404:0]|6@0.12@1024@1024@1024@1[0:1024:16:1024:0.0056879594922065735:0],30.719999999999999,30.687886881157862,0.0020479999999999999,0.034133333333333335,2.7785508799653721e-05,3.5527136788005009e-15,0.0011582131471606389,0,0,3,2026-10-03T13:14:45.444706+00:00
rain-drain,openmp,32,32,1024,1024,1,1024,0,0,16,0,0,0,6,4,1,0.0078442501835525036,0.32726154100964777,0.0068906669039279222,0.0036431669723242521,0.00044116680510342121,0.0011822921223938465,0.0007641669362783432,0.00085666612721979618,0.00034487596713006496,0,1.6750069335103035e-05,1024,1024,1024,1,0:1024:16:1024:0.0068906669039279222:0,1@0.02@1024@1024@1024@1[0:1024:16:1024:0.0015226670075207949:0]|2@0.040000000000000001@1024@1024@1024@1[0:1024:16:1024:0.002627416979521513:0]|3@0.059999999999999998@1024@1024@1024@1[0:1024:16:1024:0.0037636249326169491:0]|4@0.080000000000000002@1024@1024@1024@1[0:1024:16:1024:0.0048299999907612801:0]|5@0.10000000000000001@1024@1024@1024@1[0:1024:16:1024:0.0057887919247150421:0]|6@0.12@1024@1024@1024@1[0:1024:16:1024:0.0068906669039279222:0],30.719999999999999,30.687886881157862,0.0020479999999999999,0.034133333333333335,2.7785508799653721e-05,3.5527136788005009e-15,0.0011582131471606389,0,0,1,2026-10-03T13:14:45.772510+00:00
rain-drain,openmp,32,32,1024,1024,1,1024,0,0,16,0,0,0,6,4,1,0.0065589169971644878,0.3240730830002576,0.0058020416181534529,0.0030494979582726955,0.00036520697176456451,0.00087978970259428024,0.00063799973577260971,0.00086716492660343647,0.00034087477251887321,0,1.4834105968475342e-05,1024,1024,1024,1,0:1024:16:1024:0.0058020416181534529:0,1@0.02@1024@1024@1024@1[0:1024:16:1024:0.001247375039383769:0]|2@0.040000000000000001@1024@1024@1024@1[0:1024:16:1024:0.0022102498915046453:0]|3@0.059999999999999998@1024@1024@1024@1[0:1024:16:1024:0.0031169997528195381:0]|4@0.080000000000000002@1024@1024@1024@1[0:1024:16:1024:0.0039951247163116932:0]|5@0.10000000000000001@1024@1024@1024@1[0:1024:16:1024:0.0049030836671590805:0]|6@0.12@1024@1024@1024@1[0:1024:16:1024:0.0058020416181534529:0],30.719999999999999,30.687886881157862,0.0020479999999999999,0.034133333333333335,2.7785508799653721e-05,3.5527136788005009e-15,0.0011582131471606389,0,0,2,2026-10-03T13:14:46.096984+00:00
rain-drain,openmp,32,32,1024,1024,1,1024,0,0,16,0,0,0,6,4,1,0.0036280001513659954,0.23215579200768843,0.0031742085702717304,0.0018184988293796778,0.00014825025573372841,0.00037495815195143223,0.00031254417262971401,0.00051850010640919209,0.00021316669881343842,0,8.916947990655899e-06,1024,1024,1024,1,0:1024:16:1024:0.0031742085702717304:0,1@0.02@1024@1024@1024@1[0:1024:16:1024:0.00068795797415077686:0]|2@0.040000000000000001@1024@1024@1024@1[0:1024:16:1024:0.0012171247508376837:0]|3@0.059999999999999998@1024@1024@1024@1[0:1024:16:1024:0.0017248338554054499:0]|4@0.080000000000000002@1024@1024@1024@1[0:1024:16:1024:0.0022139586508274078:0]|5@0.10000000000000001@1024@1024@1024@1[0:1024:16:1024:0.0026937085203826427:0]|6@0.12@1024@1024@1024@1[0:1024:16:1024:0.0031742085702717304:0],30.719999999999999,30.687886881157862,0.0020479999999999999,0.034133333333333335,2.7785508799653721e-05,3.5527136788005009e-15,0.0011582131471606389,0,0,3,2026-10-03T13:14:46.329511+00:00
rain-drain,mpi,32,32,1024,1024,1,1024,0,0,16,0,0,0,6,1,1,0.0037450000000000001,0.21966083301231265,0.0032580000000000005,0.0019670000000000017,3.4999999999998574e-05,0.0003729999999999966,0.0005140000000000023,0.00036800000000000201,0.00020000000000000052,0.00040000000000000452,2.7000000000000982e-05,1024,1024,1024,1,0:1024:16:1024:0.0032580000000000005:0.00038000000000000186,1@0.02@1024@1024@1024@1[0:1024:16:1024:0.00068099999999999931:6.4999999999999086e-05]|2@0.040000000000000001@1024@1024@1024@1[0:1024:16:1024:0.0011889999999999991:0.00013099999999999917]|3@0.059999999999999998@1024@1024@1024@1[0:1024:16:1024:0.0016739999999999984:0.00019199999999999946]|4@0.080000000000000002@1024@1024@1024@1[0:1024:16:1024:0.0021559999999999982:0.00025099999999999949]|5@0.10000000000000001@1024@1024@1024@1[0:1024:16:1024:0.0026309999999999997:0.00031199999999999978]|6@0.12@1024@1024@1024@1[0:1024:16:1024:0.0032580000000000005:0.00038000000000000186],30.719999999999999,30.687886881157862,0.0020479999999999999,0.034133333333333335,2.7785508799653721e-05,3.5527136788005009e-15,0.0011582131471606389,0,0,1,2026-10-03T13:14:46.549480+00:00
rain-drain,mpi,32,32,1024,1024,1,1024,0,0,16,0,0,0,6,1,1,0.0035709999999999995,0.21954620801261626,0.0031110000000000009,0.0018680000000000016,3.3999999999999309e-05,0.00034499999999999809,0.00049700000000000265,0.00036699999999999927,0.00019699999999999926,0.00039500000000000125,2.5999999999999981e-05,1024,1024,1024,1,0:1024:16:1024:0.0031110000000000009:0.0003770000000000006,1@0.02@1024@1024@1024@1[0:1024:16:1024:0.0007019999999999995:6.6999999999997617e-05]|2@0.040000000000000001@1024@1024@1024@1[0:1024:16:1024:0.0012030000000000009:0.00013299999999999944]|3@0.059999999999999998@1024@1024@1024@1[0:1024:16:1024:0.001687000000000001:0.00019600000000000173]|4@0.080000000000000002@1024@1024@1024@1[0:1024:16:1024:0.002164000000000001:0.00025700000000000028]|5@0.10000000000000001@1024@1024@1024@1[0:1024:16:1024:0.0026390000000000007:0.00031699999999999957]|6@0.12@1024@1024@1024@1[0:1024:16:1024:0.0031110000000000009:0.0003770000000000006],30.719999999999999,30.687886881157862,0.0020479999999999999,0.034133333333333335,2.7785508799653721e-05,3.5527136788005009e-15,0.0011582131471606389,0,0,2,2026-10-03T13:14:46.769254+00:00
rain-drain,mpi,32,32,1024,1024,1,1024,0,0,16,0,0,0,6,1,1,0.0035370000000000002,0.22561670900904574,0.0030769999999999981,0.0018259999999999995,3.1999999999999043e-05,0.00035100000000000062,0.00049599999999999818,0.00036899999999999954,0.00020000000000000052,0.00039500000000000299,2.5000000000000716e-05,1024,1024,1024,1,0:1024:16:1024:0.0030769999999999981:0.0003780000000000016,1@0.02@1024@1024@1024@1[0:1024:16:1024:0.00064799999999999927:7.2000000000000883e-05]|2@0.040000000000000001@1024@1024@1024@1[0:1024:16:1024:0.0011509999999999992:0.00013900000000000197]|3@0.059999999999999998@1024@1024@1024@1[0:1024:16:1024:0.0016349999999999993:0.00020000000000000226]|4@0.080000000000000002@1024@1024@1024@1[0:1024:16:1024:0.0021199999999999986:0.00026000000000000155]|5@0.10000000000000001@1024@1024@1024@1[0:1024:16:1024:0.0026059999999999989:0.00031900000000000157]|6@0.12@1024@1024@1024@1[0:1024:16:1024:0.0030769999999999981:0.0003780000000000016],30.719999999999999,30.687886881157862,0.0020479999999999999,0.034133333333333335,2.7785508799653721e-05,3.5527136788005009e-15,0.0011582131471606389,0,0,3,2026-10-03T13:14:46.995134+00:00
rain-drain,mpi,32,32,1024,1024,1,1024,0,0,16,0,0,0,6,1,2,0.0053129999999999983,0.25567083299392834,0.004189,0.0021830000000000009,2.8999999999999512e-05,0.0013910000000000033,0.00035899999999999301,0.00022600000000000224,0.00022699999999999977,0.0021300000000000086,0.00061899999999999802,512,512,512,1,0:512:8:512:0.004189:0.0015190000000000047;1:512:8:512:0.0041850000000000012:0.0014719999999999994,1@0.02@512@512@512@1[0:512:8:512:0.00068399999999999885:0.0001010000000000004;1:512:8:512:0.00068200000000000031:8.0000000000001945e-05]|2@0.040000000000000001@512@512@512@1[0:512:8:512:0.0022939999999999992:0.0012750000000000018;1:512:8:512:0.0022920000000000006:0.0012510000000000004]|3@0.059999999999999998@512@512@512@1[0:512:8:512:0.0027779999999999992:0.0013350000000000011;1:512:8:512:0.0027760000000000007:0.0013040000000000013]|4@0.080000000000000002@512@512@512@1[0:512:8:512:0.0032600000000000007:0.0014070000000000037;1:512:8:512:0.0032550000000000009:0.0013589999999999974]|5@0.10000000000000001@512@512@512@1[0:512:8:512:0.0037260000000000019:0.0014690000000000033;1:512:8:512:0.0037219999999999996:0.0014159999999999989]|6@0.12@512@512@512@1[0:512:8:512:0.004189:0.0015190000000000047;1:512:8:512:0.0041850000000000012:0.0014719999999999994],30.719999999999999,30.687886881157862,0.0020479999999999999,0.034133333333333335,2.7785508799653721e-05,3.5527136788005009e-15,0.0011582131471606389,0,0,1,2026-10-03T13:14:47.251114+00:00
rain-drain,mpi,32,32,1024,1024,1,1024,0,0,16,0,0,0,6,1,2,0.0051699999999999992,0.26736604201141745,0.0041119999999999993,0.0025590000000000005,4.099999999999937e-05,0.00084699999999999533,0.00040300000000000405,0.00025700000000000028,0.00023099999999999857,0.0017140000000000089,0.0005190000000000021,512,512,512,1,0:512:8:512:0.0041119999999999993:0.0011990000000000039;1:512:8:512:0.0041150000000000006:0.0010609999999999977,1@0.02@512@512@512@1[0:512:8:512:0.00068900000000000038:0.00011700000000000078;1:512:8:512:0.00068599999999999911:8.8999999999998802e-05]|2@0.040000000000000001@512@512@512@1[0:512:8:512:0.0016830000000000005:0.00067900000000000078;1:512:8:512:0.0016799999999999992:0.00064999999999999954]|3@0.059999999999999998@512@512@512@1[0:512:8:512:0.0021650000000000003:0.00073899999999999834;1:512:8:512:0.0021620000000000007:0.00070899999999999783]|4@0.080000000000000002@512@512@512@1[0:512:8:512:0.0026280000000000001:0.00079100000000000004;1:512:8:512:0.0026270000000000009:0.00076300000000000152]|5@0.10000000000000001@512@512@512@1[0:512:8:512:0.0033740000000000003:0.00093500000000000007;1:512:8:512:0.0033830000000000006:0.0009850000000000015]|6@0.12@512@512@512@1[0:512:8:512:0.0041119999999999993:0.0011990000000000039;1:512:8:512:0.0041150000000000006:0.0010609999999999977],30.719999999999999,30.687886881157862,0.0020479999999999999,0.034133333333333335,2.7785508799653721e-05,3.5527136788005009e-15,0.0011582131471606389,0,0,2,2026-10-03T13:14:47.518947+00:00
rain-drain,mpi,32,32,1024,1024,1,1024,0,0,16,0,0,0,6,1,2,0.0039249999999999997,0.2378058340109419,0.003153000000000003,0.0018980000000000021,2.5999999999998247e-05,0.00071800000000000162,0.00031099999999999878,0.00019600000000000173,0.00019799999999999852,0.0011520000000000037,0.0003309999999999997,512,512,512,1,0:512:8:512:0.003153000000000003:0.00082500000000000455;1:512:8:512:0.0031490000000000008:0.00078900000000000151,1@0.02@512@512@512@1[0:512:8:512:0.00059900000000000057:8.0999999999999475e-05;1:512:8:512:0.00059500000000000004:7.7000000000000679e-05]|2@0.040000000000000001@512@512@512@1[0:512:8:512:0.0015070000000000014:0.00060999999999999943;1:512:8:512:0.0015030000000000009:0.00060499999999999964]|3@0.059999999999999998@512@512@512@1[0:512:8:512:0.0019330000000000007:0.00066899999999999946;1:512:8:512:0.0019290000000000002:0.00065800000000000233]|4@0.080000000000000002@512@512@512@1[0:512:8:512:0.0023470000000000019:0.00072200000000000215;1:512:8:512:0.0023429999999999996:0.00070100000000000023]|5@0.10000000000000001@512@512@512@1[0:512:8:512:0.0027510000000000017:0.00077100000000000432;1:512:8:512:0.0027469999999999994:0.0007430000000000006]|6@0.12@512@512@512@1[0:512:8:512:0.003153000000000003:0.00082500000000000455;1:512:8:512:0.0031490000000000008:0.00078900000000000151],30.719999999999999,30.687886881157862,0.0020479999999999999,0.034133333333333335,2.7785508799653721e-05,3.5527136788005009e-15,0.0011582131471606389,0,0,3,2026-10-03T13:14:47.757038+00:00
rain-drain,mpi,32,32,1024,1024,1,1024,0,0,16,0,0,0,6,1,4,0.0063749999999999987,0.23798691600677557,0.0037230000000000006,0.0020290000000000065,3.900000000000084e-05,0.001289999999999996,0.00023499999999999563,0.00012799999999999964,0.00020099999999999979,0.0037209999999999986,0.0018719999999999987,256,256,256,1,0:256:4:256:0.0037230000000000006:0.0018489999999999999;1:256:4:256:0.0037249999999999974:0.0019439999999999874;2:256:4:256:0.0037219999999999961:0.0014819999999999851;3:256:4:256:0.0036749999999999977:0.0019009999999999964,1@0.02@256@256@256@1[0:256:4:256:0.00064200000000000021:0.00047499999999999973;1:256:4:256:0.00064400000000000047:0.00060599999999999717;2:256:4:256:0.00064099999999999921:0.00014199999999999977;3:256:4:256:0.00059299999999999978:0.00047800000000000099]|2@0.040000000000000001@256@256@256@1[0:256:4:256:0.0021440000000000001:0.001627999999999994;1:256:4:256:0.0021460000000000003:0.0017539999999999986;2:256:4:256:0.0021429999999999991:0.0012929999999999973;3:256:4:256:0.0020960000000000006:0.0016330000000000025]|3@0.059999999999999998@256@256@256@1[0:256:4:256:0.0025629999999999993:0.0016869999999999975;1:256:4:256:0.0025649999999999996:0.0018069999999999926;2:256:4:256:0.0025619999999999983:0.0013439999999999893;3:256:4:256:0.0025149999999999999:0.0017149999999999978]|4@0.080000000000000002@256@256@256@1[0:256:4:256:0.0029570000000000013:0.0017380000000000034;1:256:4:256:0.0029589999999999981:0.0018499999999999871;2:256:4:256:0.0029559999999999968:0.0013899999999999833;3:256:4:256:0.0029089999999999984:0.0017819999999999954]|5@0.10000000000000001@256@256@256@1[0:256:4:256:0.0033420000000000012:0.0017950000000000015;1:256:4:256:0.003343999999999998:0.00189799999999999;2:256:4:256:0.0033419999999999978:0.0014369999999999852;3:256:4:256:0.0032939999999999983:0.0018439999999999949]|6@0.12@256@256@256@1[0:256:4:256:0.0037230000000000006:0.0018489999999999999;1:256:4:256:0.0037249999999999974:0.0019439999999999874;2:256:4:256:0.0037219999999999961:0.0014819999999999851;3:256:4:256:0.0036749999999999977:0.0019009999999999964],30.719999999999999,30.687886881157862,0.0020479999999999999,0.034133333333333335,2.7785508799653721e-05,3.5527136788005009e-15,0.0011582131471606389,0,0,1,2026-10-03T13:14:47.995337+00:00
rain-drain,mpi,32,32,1024,1024,1,1024,0,0,16,0,0,0,6,1,4,0.0064489999999999999,0.2405274580232799,0.0048770000000000029,0.0023630000000000005,9.2999999999999333e-05,0.0019519999999999954,0.00032200000000000631,0.0001460000000000003,0.00020299999999999832,0.0036480000000000089,0.0010690000000000005,256,256,256,1,0:256:4:256:0.0048770000000000029:0.0025820000000000079;1:256:4:256:0.0048780000000000004:0.0022929999999999999;2:256:4:256:0.0048739999999999981:0.0024679999999999962;3:256:4:256:0.0048779999999999969:0.0023180000000000041,1@0.02@256@256@256@1[0:256:4:256:0.00066300000000000039:0.00017200000000000548;1:256:4:256:0.00066499999999999893:0.00011899999999999064;2:256:4:256:0.00066399999999999966:0.00010599999999999846;3:256:4:256:0.00066699999999999919:0.00013200000000000191]|2@0.040000000000000001@256@256@256@1[0:256:4:256:0.0027880000000000023:0.0019300000000000081;1:256:4:256:0.0027900000000000008:0.0018479999999999955;2:256:4:256:0.0027880000000000005:0.0018629999999999983;3:256:4:256:0.0027919999999999993:0.0018890000000000053]|3@0.059999999999999998@256@256@256@1[0:256:4:256:0.0032780000000000031:0.0020440000000000111;1:256:4:256:0.0032810000000000027:0.0019079999999999965;2:256:4:256:0.0032750000000000019:0.0019819999999999924;3:256:4:256:0.0032799999999999982:0.0019980000000000067]|4@0.080000000000000002@256@256@256@1[0:256:4:256:0.0036810000000000037:0.0020980000000000096;1:256:4:256:0.0036850000000000042:0.001967;2:256:4:256:0.003677999999999999:0.0020339999999999924;3:256:4:256:0.0036839999999999963:0.0020540000000000072]|5@0.10000000000000001@256@256@256@1[0:256:4:256:0.0040660000000000036:0.00214700000000001;1:256:4:256:0.0040660000000000036:0.0020170000000000014;2:256:4:256:0.0040619999999999979:0.0020830000000000033;3:256:4:256:0.0040669999999999977:0.0021030000000000076]|6@0.12@256@256@256@1[0:256:4:256:0.0048770000000000029:0.0025820000000000079;1:256:4:256:0.0048780000000000004:0.0022929999999999999;2:256:4:256:0.0048739999999999981:0.0024679999999999962;3:256:4:256:0.0048779999999999969:0.0023180000000000041],30.719999999999999,30.687886881157862,0.0020479999999999999,0.034133333333333335,2.7785508799653721e-05,3.5527136788005009e-15,0.0011582131471606389,0,0,2,2026-10-03T13:14:48.236144+00:00
rain-drain,mpi,32,32,1024,1024,1,1024,0,0,16,0,0,0,6,1,4,0.026989999999999997,0.3125719169911463,0.015944000000000003,0.013309000000000005,9.0000000000006741e-05,0.0018689999999999957,0.00045599999999999807,0.00021899999999999697,0.00029799999999999965,0.012536000000000019,0.010388999999999995,256,256,256,1,0:256:4:256:0.015944000000000003:0.002153000000000023;1:256:4:256:0.015900999999999988:0.011923999999999997;2:256:4:256:0.015931000000000001:0.0098949999999999802;3:256:4:256:0.015902000000000003:0.01180200000000001,1@0.02@256@256@256@1[0:256:4:256:0.010845000000000004:0.00030700000000000865;1:256:4:256:0.010835000000000001:0.010076000000000009;2:256:4:256:0.010831:0.007965999999999987;3:256:4:256:0.010835000000000001:0.0099249999999999998]|2@0.040000000000000001@256@256@256@1[0:256:4:256:0.013060000000000006:0.0017550000000000135;1:256:4:256:0.013049999999999996:0.011555000000000003;2:256:4:256:0.013046000000000002:0.0094829999999999914;3:256:4:256:0.013049000000000002:0.011446000000000001]|3@0.059999999999999998@256@256@256@1[0:256:4:256:0.013802000000000005:0.0018650000000000194;1:256:4:256:0.013762999999999994:0.01167;2:256:4:256:0.013789000000000003:0.0095919999999999894;3:256:4:256:0.013764000000000002:0.011563]|4@0.080000000000000002@256@256@256@1[0:256:4:256:0.014507000000000003:0.00194500000000003;1:256:4:256:0.014470999999999994:0.011750000000000003;2:256:4:256:0.014495000000000001:0.0096699999999999911;3:256:4:256:0.014472000000000002:0.011639]|5@0.10000000000000001@256@256@256@1[0:256:4:256:0.015254:0.0020820000000000213;1:256:4:256:0.015213999999999988:0.011842999999999999;2:256:4:256:0.015241000000000005:0.0098069999999999824;3:256:4:256:0.015215000000000003:0.011720000000000005]|6@0.12@256@256@256@1[0:256:4:256:0.015944000000000003:0.002153000000000023;1:256:4:256:0.015900999999999988:0.011923999999999997;2:256:4:256:0.015931000000000001:0.0098949999999999802;3:256:4:256:0.015902000000000003:0.01180200000000001],30.719999999999999,30.687886881157862,0.0020479999999999999,0.034133333333333335,2.7785508799653721e-05,3.5527136788005009e-15,0.0011582131471606389,0,0,3,2026-10-03T13:14:48.549061+00:00
localized-refinement,serial,32,32,1024,8128,7.9375,192,1792,6144,127,2,37,0,6,1,1,0.44761379086412489,0.7151998339977581,0.44194016698747873,0.010448249988257885,9.2331785708665848e-05,0.42674608319066465,0.0011437926441431046,0.0035078753717243671,0.0048375842161476612,0,6.0583930462598801e-05,8128,8128,8128,1,0:8128:127:8128:0.44194016698747873:0,1@0.02@1024@1024@1024@1[0:1024:16:1024:0.0037390419747680426:0]|2@0.040000000000000001@3136@3136@3136@1[0:3136:49:3136:0.0072768749669194221:0]|3@0.059999999999999998@3136@3136@3136@1[0:3136:49:3136:0.039254790870472789:0]|4@0.080000000000000002@8128@8128@8128@1[0:8128:127:8128:0.069588207872584462:0]|5@0.10000000000000001@8128@8128@8128@1[0:8128:127:8128:0.26569908298552036:0]|6@0.12@8128@8128@8128@1[0:8128:127:8128:0.44194016698747873:0],18,18,0,0,0,0,1.0604571670600553,0,6.0396132539608516e-14,1,2026-10-03T13:14:49.264769+00:00
localized-refinement,serial,32,32,1024,8128,7.9375,192,1792,6144,127,2,37,0,6,1,1,0.40775274997577071,0.5994976669899188,0.40290779178030789,0.0090487911365926266,7.7209202572703362e-05,0.38969466811977327,0.0010499591007828712,0.0030357497744262218,0.0039998737629503012,0,6.8540917709469795e-05,8128,8128,8128,1,0:8128:127:8128:0.40290779178030789:0,1@0.02@1024@1024@1024@1[0:1024:16:1024:0.0028101250063627958:0]|2@0.040000000000000001@3136@3136@3136@1[0:3136:49:3136:0.0054313328582793474:0]|3@0.059999999999999998@3136@3136@3136@1[0:3136:49:3136:0.031984415836632252:0]|4@0.080000000000000002@8128@8128@8128@1[0:8128:127:8128:0.058380290865898132:0]|5@0.10000000000000001@8128@8128@8128@1[0:8128:127:8128:0.23083145776763558:0]|6@0.12@8128@8128@8128@1[0:8128:127:8128:0.40290779178030789:0],18,18,0,0,0,0,1.0604571670600553,0,6.0396132539608516e-14,2,2026-10-03T13:14:49.864493+00:00
localized-refinement,serial,32,32,1024,8128,7.9375,192,1792,6144,127,2,37,0,6,1,1,0.40508645889349282,0.5965590419946238,0.40031379018910229,0.0085874998476356268,8.4333121776580811e-05,0.38762058247812092,0.0010125839617103338,0.0030071258079260588,0.0040542918723076582,0,5.7500088587403297e-05,8128,8128,8128,1,0:8128:127:8128:0.40031379018910229:0,1@0.02@1024@1024@1024@1[0:1024:16:1024:0.0028285409789532423:0]|2@0.040000000000000001@3136@3136@3136@1[0:3136:49:3136:0.0054544161539524794:0]|3@0.059999999999999998@3136@3136@3136@1[0:3136:49:3136:0.031976208323612809:0]|4@0.080000000000000002@8128@8128@8128@1[0:8128:127:8128:0.05840683332644403:0]|5@0.10000000000000001@8128@8128@8128@1[0:8128:127:8128:0.22876287414692342:0]|6@0.12@8128@8128@8128@1[0:8128:127:8128:0.40031379018910229:0],18,18,0,0,0,0,1.0604571670600553,0,6.0396132539608516e-14,3,2026-10-03T13:14:50.461314+00:00
localized-refinement,openmp,32,32,1024,8128,7.9375,192,1792,6144,127,2,37,0,6,1,1,0.020359415793791413,0.211802167003043,0.01565895788371563,0.0094489159528166056,0.00018929061479866505,0.0014619578141719103,0.0015219978522509336,0.0030352899339050055,0.0040141248609870672,0,5.5041862651705742e-05,8128,8128,8128,1,0:8128:127:8128:0.01565895788371563:0,1@0.02@1024@1024@1024@1[0:1024:16:1024:0.0006205409299582243:0]|2@0.040000000000000001@3136@3136@3136@1[0:3136:49:3136:0.0011115828529000282:0]|3@0.059999999999999998@3136@3136@3136@1[0:3136:49:3136:0.0029295419808477163:0]|4@0.080000000000000002@8128@8128@8128@1[0:8128:127:8128:0.0045662499032914639:0]|5@0.10000000000000001@8128@8128@8128@1[0:8128:127:8128:0.010637374827638268:0]|6@0.12@8128@8128@8128@1[0:8128:127:8128:0.01565895788371563:0],18,18,0,0,0,0,1.0604571670600553,0,6.0396132539608516e-14,1,2026-10-03T13:14:50.673428+00:00
localized-refinement,openmp,32,32,1024,8128,7.9375,192,1792,6144,127,2,37,0,6,1,1,0.019426542101427913,0.2124842909979634,0.014666874893009663,0.0086649146396666765,0.00010724971070885658,0.001428001094609499,0.0014740850310772657,0.0029910022858530283,0.0040668339934200048,0,5.4750125855207443e-05,8128,8128,8128,1,0:8128:127:8128:0.014666874893009663:0,1@0.02@1024@1024@1024@1[0:1024:16:1024:0.00063633313402533531:0]|2@0.040000000000000001@3136@3136@3136@1[0:3136:49:3136:0.0011323750950396061:0]|3@0.059999999999999998@3136@3136@3136@1[0:3136:49:3136:0.0029430829454213381:0]|4@0.080000000000000002@8128@8128@8128@1[0:8128:127:8128:0.004540707916021347:0]|5@0.10000000000000001@8128@8128@8128@1[0:8128:127:8128:0.0096979159861803055:0]|6@0.12@8128@8128@8128@1[0:8128:127:8128:0.014666874893009663:0],18,18,0,0,0,0,1.0604571670600553,0,6.0396132539608516e-14,2,2026-10-03T13:14:50.886150+00:00
localized-refinement,openmp,32,32,1024,8128,7.9375,192,1792,6144,127,2,37,0,6,1,1,0.019489499973133206,0.21376112499274313,0.014825708931311965,0.0088807912543416023,0.00010541593655943871,0.0014436668716371059,0.0014677492436021566,0.0029265421908348799,0.0039609167724847794,0,5.4750125855207443e-05,8128,8128,8128,1,0:8128:127:8128:0.014825708931311965:0,1@0.02@1024@1024@1024@1[0:1024:16:1024:0.00075258291326463223:0]|2@0.040000000000000001@3136@3136@3136@1[0:3136:49:3136:0.0012642077635973692:0]|3@0.059999999999999998@3136@3136@3136@1[0:3136:49:3136:0.003115624887868762:0]|4@0.080000000000000002@8128@8128@8128@1[0:8128:127:8128:0.0047288748901337385:0]|5@0.10000000000000001@8128@8128@8128@1[0:8128:127:8128:0.0099578748922795057:0]|6@0.12@8128@8128@8128@1[0:8128:127:8128:0.014825708931311965:0],18,18,0,0,0,0,1.0604571670600553,0,6.0396132539608516e-14,3,2026-10-03T13:14:51.100154+00:00
localized-refinement,openmp,32,32,1024,8128,7.9375,192,1792,6144,127,2,37,0,6,2,1,0.019447624916210771,0.21361125001567416,0.014735584147274494,0.0090527897700667381,0.00022904109209775925,0.0012484160251915455,0.0011721670161932707,0.0030316251795738935,0.0040114170406013727,0,5.6250020861625671e-05,8128,8128,8128,1,0:8128:127:8128:0.014735584147274494:0,1@0.02@1024@1024@1024@1[0:1024:16:1024:0.00073445797897875309:0]|2@0.040000000000000001@3136@3136@3136@1[0:3136:49:3136:0.0012392920907586813:0]|3@0.059999999999999998@3136@3136@3136@1[0:3136:49:3136:0.003336125984787941:0]|4@0.080000000000000002@8128@8128@8128@1[0:8128:127:8128:0.004876625956967473:0]|5@0.10000000000000001@8128@8128@8128@1[0:8128:127:8128:0.0099270839709788561:0]|6@0.12@8128@8128@8128@1[0:8128:127:8128:0.014735584147274494:0],18,18,0,0,0,0,1.0604571670600553,0,6.0396132539608516e-14,1,2026-10-03T13:14:51.314086+00:00
localized-refinement,openmp,32,32,1024,8128,7.9375,192,1792,6144,127,2,37,0,6,2,1,0.018719417043030262,0.20998841599794105,0.013840041123330593,0.0087210012134164572,0.00014662486501038074,0.00097495829686522484,0.0011023320257663727,0.0028936250600963831,0.0041976668871939182,0,5.4707983508706093e-05,8128,8128,8128,1,0:8128:127:8128:0.013840041123330593:0,1@0.02@1024@1024@1024@1[0:1024:16:1024:0.0006636669859290123:0]|2@0.040000000000000001@3136@3136@3136@1[0:3136:49:3136:0.0011796669568866491:0]|3@0.059999999999999998@3136@3136@3136@1[0:3136:49:3136:0.002914082957431674:0]|4@0.080000000000000002@8128@8128@8128@1[0:8128:127:8128:0.0044531240127980709:0]|5@0.10000000000000001@8128@8128@8128@1[0:8128:127:8128:0.0094041242264211178:0]|6@0.12@8128@8128@8128@1[0:8128:127:8128:0.013840041123330593:0],18,18,0,0,0,0,1.0604571670600553,0,6.0396132539608516e-14,2,2026-10-03T13:14:51.524332+00:00
localized-refinement,openmp,32,32,1024,8128,7.9375,192,1792,6144,127,2,37,0,6,2,1,0.019284875132143497,0.2111923750198912,0.014581375988200307,0.0092286248691380024,0.00020683277398347855,0.0010004590731114149,0.0011253750417381525,0.0030185426585376263,0.0040155008900910616,0,5.5999960750341415e-05,8128,8128,8128,1,0:8128:127:8128:0.014581375988200307:0,1@0.02@1024@1024@1024@1[0:1024:16:1024:0.00069554196670651436:0]|2@0.040000000000000001@3136@3136@3136@1[0:3136:49:3136:0.0012300009839236736:0]|3@0.059999999999999998@3136@3136@3136@1[0:3136:49:3136:0.002999626100063324:0]|4@0.080000000000000002@8128@8128@8128@1[0:8128:127:8128:0.0045630841050297022:0]|5@0.10000000000000001@8128@8128@8128@1[0:8128:127:8128:0.0094212919939309359:0]|6@0.12@8128@8128@8128@1[0:8128:127:8128:0.014581375988200307:0],18,18,0,0,0,0,1.0604571670600553,0,6.0396132539608516e-14,3,2026-10-03T13:14:51.735773+00:00
localized-refinement,openmp,32,32,1024,8128,7.9375,192,1792,6144,127,2,37,0,6,4,1,0.018517125165089965,0.21162670801277272,0.013689626473933458,0.0086717079393565655,0.00021595717407763004,0.00088708219118416309,0.00095883174799382687,0.0029545424040406942,0.0041121661197394133,0,5.583418533205986e-05,8128,8128,8128,1,0:8128:127:8128:0.013689626473933458:0,1@0.02@1024@1024@1024@1[0:1024:16:1024:0.00076466705650091171:0]|2@0.040000000000000001@3136@3136@3136@1[0:3136:49:3136:0.001269542146474123:0]|3@0.059999999999999998@3136@3136@3136@1[0:3136:49:3136:0.0032160421833395958:0]|4@0.080000000000000002@8128@8128@8128@1[0:8128:127:8128:0.0048315422609448433:0]|5@0.10000000000000001@8128@8128@8128@1[0:8128:127:8128:0.0095336262602359056:0]|6@0.12@8128@8128@8128@1[0:8128:127:8128:0.013689626473933458:0],18,18,0,0,0,0,1.0604571670600553,0,6.0396132539608516e-14,1,2026-10-03T13:14:51.947768+00:00
localized-refinement,openmp,32,32,1024,8128,7.9375,192,1792,6144,127,2,37,0,6,4,1,0.018372499849647284,0.20932675001677126,0.013568500289693475,0.0086831657681614161,0.00023062434047460556,0.00081033422611653805,0.00091450079344213009,0.0029283345211297274,0.0041154581122100353,0,5.4999953135848045e-05,8128,8128,8128,1,0:8128:127:8128:0.013568500289693475:0,1@0.02@1024@1024@1024@1[0:1024:16:1024:0.00069270818494260311:0]|2@0.040000000000000001@3136@3136@3136@1[0:3136:49:3136:0.0012057081330567598:0]|3@0.059999999999999998@3136@3136@3136@1[0:3136:49:3136:0.0029526252765208483:0]|4@0.080000000000000002@8128@8128@8128@1[0:8128:127:8128:0.0044445004314184189:0]|5@0.10000000000000001@8128@8128@8128@1[0:8128:127:8128:0.0094055004883557558:0]|6@0.12@8128@8128@8128@1[0:8128:127:8128:0.013568500289693475:0],18,18,0,0,0,0,1.0604571670600553,0,6.0396132539608516e-14,2,2026-10-03T13:14:52.157326+00:00
localized-refinement,openmp,32,32,1024,8128,7.9375,192,1792,6144,127,2,37,0,6,4,1,0.018746584188193083,0.21198391600046307,0.01398546015843749,0.0088096668478101492,0.00024433364160358906,0.00089025101624429226,0.0009106264915317297,0.0031289169564843178,0.0040553328581154346,0,5.4874923080205917e-05,8128,8128,8128,1,0:8128:127:8128:0.01398546015843749:0,1@0.02@1024@1024@1024@1[0:1024:16:1024:0.00071979197673499584:0]|2@0.040000000000000001@3136@3136@3136@1[0:3136:49:3136:0.0012461671140044928:0]|3@0.059999999999999998@3136@3136@3136@1[0:3136:49:3136:0.0029783761128783226:0]|4@0.080000000000000002@8128@8128@8128@1[0:8128:127:8128:0.0044719590805470943:0]|5@0.10000000000000001@8128@8128@8128@1[0:8128:127:8128:0.009363918099552393:0]|6@0.12@8128@8128@8128@1[0:8128:127:8128:0.01398546015843749:0],18,18,0,0,0,0,1.0604571670600553,0,6.0396132539608516e-14,3,2026-10-03T13:14:52.369574+00:00
localized-refinement,mpi,32,32,1024,8128,7.9375,192,1792,6144,127,2,37,0,6,1,1,0.017674000000000002,0.23970004200236872,0.013535000000000002,0.0088060000000000031,8.6999999999998537e-05,0.0014520000000000019,0.0015169999999999993,0.0016709999999999989,0.0033830000000000006,0.0017660000000000054,0.00012800000000000311,8128,8128,8128,1,0:8128:127:8128:0.013535000000000002:0.0016930000000000018,1@0.02@1024@1024@1024@1[0:1024:16:1024:0.00062100000000000002:7.3999999999997679e-05]|2@0.040000000000000001@3136@3136@3136@1[0:3136:49:3136:0.0011020000000000005:0.0001429999999999973]|3@0.059999999999999998@3136@3136@3136@1[0:3136:49:3136:0.0028270000000000014:0.00034699999999999662]|4@0.080000000000000002@8128@8128@8128@1[0:8128:127:8128:0.004329000000000003:0.00055799999999999773]|5@0.10000000000000001@8128@8128@8128@1[0:8128:127:8128:0.0094070000000000022:0.0011289999999999998]|6@0.12@8128@8128@8128@1[0:8128:127:8128:0.013535000000000002:0.0016930000000000018],18,18,0,0,0,0,1.0604571670600553,0,6.0396132539608516e-14,1,2026-10-03T13:14:52.609614+00:00
localized-refinement,mpi,32,32,1024,8128,7.9375,192,1792,6144,127,2,37,0,6,1,1,0.018297000000000001,0.24148991698166355,0.014113000000000001,0.0089839999999999972,9.5000000000001333e-05,0.001439000000000001,0.0015679999999999999,0.002026,0.0034129999999999994,0.002111,0.00012600000000000111,8128,8128,8128,1,0:8128:127:8128:0.014113000000000001:0.0020379999999999964,1@0.02@1024@1024@1024@1[0:1024:16:1024:0.0007019999999999995:8.000000000000021e-05]|2@0.040000000000000001@3136@3136@3136@1[0:3136:49:3136:0.00149:0.00018099999999999887]|3@0.059999999999999998@3136@3136@3136@1[0:3136:49:3136:0.0032329999999999998:0.00038199999999999866]|4@0.080000000000000002@8128@8128@8128@1[0:8128:127:8128:0.0047600000000000003:0.00058799999999999998]|5@0.10000000000000001@8128@8128@8128@1[0:8128:127:8128:0.0096529999999999984:0.0011749999999999972]|6@0.12@8128@8128@8128@1[0:8128:127:8128:0.014113000000000001:0.0020379999999999964],18,18,0,0,0,0,1.0604571670600553,0,6.0396132539608516e-14,2,2026-10-03T13:14:52.851357+00:00
localized-refinement,mpi,32,32,1024,8128,7.9375,192,1792,6144,127,2,37,0,6,1,1,0.017652000000000001,0.24962920902180485,0.013581000000000001,0.0086560000000000005,7.5000000000000414e-05,0.0014410000000000013,0.0017650000000000009,0.0016429999999999986,0.003313,0.0017260000000000018,0.00012600000000000111,8128,8128,8128,1,0:8128:127:8128:0.013581000000000001:0.0016560000000000012,1@0.02@1024@1024@1024@1[0:1024:16:1024:0.00064600000000000074:6.6999999999999352e-05]|2@0.040000000000000001@3136@3136@3136@1[0:3136:49:3136:0.0011310000000000018:0.0001349999999999997]|3@0.059999999999999998@3136@3136@3136@1[0:3136:49:3136:0.0028810000000000016:0.00033899999999999902]|4@0.080000000000000002@8128@8128@8128@1[0:8128:127:8128:0.0044090000000000015:0.00054799999999999988]|5@0.10000000000000001@8128@8128@8128@1[0:8128:127:8128:0.0091510000000000011:0.0010959999999999998]|6@0.12@8128@8128@8128@1[0:8128:127:8128:0.013581000000000001:0.0016560000000000012],18,18,0,0,0,0,1.0604571670600553,0,6.0396132539608516e-14,3,2026-10-03T13:14:53.101243+00:00
localized-refinement,mpi,32,32,1024,8128,7.9375,192,1792,6144,127,2,37,0,6,1,2,0.020042000000000004,0.25003895797999576,0.013595999999999997,0.0094300000000000044,8.3999999999995537e-05,0.0017729999999999985,0.001179000000000003,0.0011279999999999936,0.0037810000000000014,0.0044869999999999736,0.0019980000000000032,2816,5312,4064,1.3070866141732282,0:5312:83:5312:0.013595999999999997:0.0025289999999999792;1:2816:44:2816:0.013646000000000004:0.0036330000000000043,1@0.02@512@512@512@1[0:512:8:512:0.00063000000000000035:0.00012699999999999864;1:512:8:512:0.00063100000000000135:8.3000000000001475e-05]|2@0.040000000000000001@1280@1856@1568@1.1836734693877551[0:1856:29:1856:0.0017619999999999997:0.00089799999999999776;1:1280:20:1280:0.0017600000000000011:0.00089700000000000717]|3@0.059999999999999998@1280@1856@1568@1.1836734693877551[0:1856:29:1856:0.0033539999999999993:0.0010549999999999934;1:1280:20:1280:0.0033570000000000023:0.0011730000000000056]|4@0.080000000000000002@2816@5312@4064@1.3070866141732282[0:5312:83:5312:0.0047139999999999994:0.0015649999999999865;1:2816:44:2816:0.0047610000000000031:0.0018320000000000038]|5@0.10000000000000001@2816@5312@4064@1.3070866141732282[0:5312:83:5312:0.0097099999999999999:0.0020959999999999833;1:2816:44:2816:0.0097620000000000016:0.002933000000000005]|6@0.12@2816@5312@4064@1.3070866141732282[0:5312:83:5312:0.013595999999999997:0.0025289999999999792;1:2816:44:2816:0.013646000000000004:0.0036330000000000043],18,18,0,0,0,0,1.0604571670600553,0,3.5527136788005009e-14,1,2026-10-03T13:14:53.351670+00:00
localized-refinement,mpi,32,32,1024,8128,7.9375,192,1792,6144,127,2,37,0,6,1,2,0.018215000000000002,0.24490283301565796,0.012866999999999998,0.0092619999999999959,7.7000000000000679e-05,0.0012660000000000015,0.001172999999999997,0.0010890000000000032,0.0036440000000000031,0.0028590000000000178,0.00097800000000000317,2816,5312,4064,1.3070866141732282,0:5312:83:5312:0.012866999999999998:0.0019190000000000144;1:2816:44:2816:0.012861000000000001:0.0028160000000000129,1@0.02@512@512@512@1[0:512:8:512:0.00061899999999999976:0.00011099999999999825;1:512:8:512:0.00061700000000000123:7.7000000000000679e-05]|2@0.040000000000000001@1280@1856@1568@1.1836734693877551[0:1856:29:1856:0.0012159999999999983:0.00034000000000000176;1:1280:20:1280:0.0012140000000000015:0.00035400000000000015]|3@0.059999999999999998@1280@1856@1568@1.1836734693877551[0:1856:29:1856:0.0027559999999999998:0.00049000000000000432;1:1280:20:1280:0.0027570000000000008:0.00062200000000000102]|4@0.080000000000000002@2816@5312@4064@1.3070866141732282[0:5312:83:5312:0.0040939999999999987:0.00083500000000000935;1:2816:44:2816:0.0040950000000000014:0.001296000000000009]|5@0.10000000000000001@2816@5312@4064@1.3070866141732282[0:5312:83:5312:0.0089359999999999978:0.0015120000000000133;1:2816:44:2816:0.008937000000000004:0.0021080000000000161]|6@0.12@2816@5312@4064@1.3070866141732282[0:5312:83:5312:0.012866999999999998:0.0019190000000000144;1:2816:44:2816:0.012861000000000001:0.0028160000000000129],18,18,0,0,0,0,1.0604571670600553,0,3.5527136788005009e-14,2,2026-10-03T13:14:53.596837+00:00
localized-refinement,mpi,32,32,1024,8128,7.9375,192,1792,6144,127,2,37,0,6,1,2,0.019630999999999996,0.2433128749835305,0.013641,0.0094640000000000002,7.9999999999998475e-05,0.0018409999999999989,0.001153000000000003,0.0011009999999999978,0.0031560000000000008,0.004446999999999984,0.0021709999999999958,2816,5312,4064,1.3070866141732282,0:5312:83:5312:0.013641:0.0023109999999999884;1:2816:44:2816:0.013594999999999999:0.0032060000000000075,1@0.02@512@512@512@1[0:512:8:512:0.00062499999999999882:0.00011099999999999999;1:512:8:512:0.00062700000000000082:7.7999999999999944e-05]|2@0.040000000000000001@1280@1856@1568@1.1836734693877551[0:1856:29:1856:0.0018110000000000001:0.00093800000000000307;1:1280:20:1280:0.0018110000000000001:0.00094400000000000039]|3@0.059999999999999998@1280@1856@1568@1.1836734693877551[0:1856:29:1856:0.0034110000000000008:0.001095000000000004;1:1280:20:1280:0.0034090000000000006:0.0012110000000000003]|4@0.080000000000000002@2816@5312@4064@1.3070866141732282[0:5312:83:5312:0.0047540000000000013:0.0012739999999999991;1:2816:44:2816:0.0047510000000000017:0.0016959999999999961]|5@0.10000000000000001@2816@5312@4064@1.3070866141732282[0:5312:83:5312:0.0091999999999999998:0.0017839999999999991;1:2816:44:2816:0.0092010000000000008:0.0024860000000000021]|6@0.12@2816@5312@4064@1.3070866141732282[0:5312:83:5312:0.013641:0.0023109999999999884;1:2816:44:2816:0.013594999999999999:0.0032060000000000075],18,18,0,0,0,0,1.0604571670600553,0,3.5527136788005009e-14,3,2026-10-03T13:14:53.840439+00:00
localized-refinement,mpi,32,32,1024,8128,7.9375,192,1792,6144,127,2,37,0,6,1,4,0.070476999999999998,0.3525051249889657,0.061401999999999984,0.031384000000000002,0.0045430000000000019,0.0046390000000000008,0.019500999999999994,0.001333999999999988,0.005905000000000004,0.031867999999999973,0.0017059999999999992,640,3136,2032,1.5433070866141732,0:3136:49:3136:0.061401999999999984:0.030086999999999968;1:2176:34:2176:0.061425999999999994:0.041897000000000004;2:2176:34:2176:0.061499999999999999:0.044879999999999955;3:640:10:640:0.061513999999999999:0.040555000000000022,1@0.02@256@256@256@1[0:256:4:256:0.0010480000000000003:0.00036800000000000027;1:256:4:256:0.0010520000000000009:0.00046199999999999714;2:256:4:256:0.0010419999999999978:0.00026500000000000135;3:256:4:256:0.0010879999999999987:0.00038799999999999946]|2@0.040000000000000001@448@1024@784@1.3061224489795917[0:1024:16:1024:0.0033240000000000006:0.002200000000000004;1:832:13:832:0.0033340000000000002:0.0023269999999999923;2:832:13:832:0.003316999999999997:0.0021319999999999915;3:448:7:448:0.0033749999999999961:0.0022190000000000022]|3@0.059999999999999998@448@1024@784@1.3061224489795917[0:1024:16:1024:0.0063009999999999976:0.0026790000000000008;1:832:13:832:0.0063189999999999982:0.0030099999999999884;2:832:13:832:0.0062999999999999966:0.0025939999999999887;3:448:7:448:0.0063659999999999967:0.0032489999999999949]|4@0.080000000000000002@640@3136@2032@1.5433070866141732[0:3136:49:3136:0.011593999999999997:0.0045519999999999797;1:2176:34:2176:0.011591000000000001:0.0064599999999999762;2:2176:34:2176:0.011570999999999994:0.0068299999999999889;3:640:10:640:0.011634999999999996:0.0070380000000000199]|5@0.10000000000000001@640@3136@2032@1.5433070866141732[0:3136:49:3136:0.030963999999999995:0.0089579999999999799;1:2176:34:2176:0.030991000000000001:0.020012999999999993;2:2176:34:2176:0.030973999999999998:0.019932999999999985;3:640:10:640:0.031020999999999996:0.01628700000000002]|6@0.12@640@3136@2032@1.5433070866141732[0:3136:49:3136:0.061401999999999984:0.030086999999999968;1:2176:34:2176:0.061425999999999994:0.041897000000000004;2:2176:34:2176:0.061499999999999999:0.044879999999999955;3:640:10:640:0.061513999999999999:0.040555000000000022],18,17.999999999999996,0,0,0,3.5527136788005009e-15,1.0604571670600553,0,1.7763568394002505e-14,1,2026-10-03T13:14:54.193437+00:00
localized-refinement,mpi,32,32,1024,8128,7.9375,192,1792,6144,127,2,37,0,6,1,4,0.066394000000000009,0.4277542089985218,0.051549999999999999,0.033505999999999987,0.002479000000000009,0.0088539999999999869,0.0051180000000000114,0.0015910000000000021,0.0081619999999999887,0.034056000000000003,0.0013910000000000033,640,3136,2032,1.5433070866141732,0:3136:49:3136:0.051549999999999999:0.030234999999999998;1:2176:34:2176:0.052083999999999984:0.022185999999999997;2:2176:34:2176:0.051615000000000015:0.028483999999999947;3:640:10:640:0.051594000000000001:0.029741000000000031,1@0.02@256@256@256@1[0:256:4:256:0.0012700000000000003:0.00028700000000000947;1:256:4:256:0.0012679999999999983:0.00023399999999999116;2:256:4:256:0.0012730000000000033:0.00044100000000000389;3:256:4:256:0.0012309999999999995:0.00038299999999999793]|2@0.040000000000000001@448@1024@784@1.3061224489795917[0:1024:16:1024:0.0072730000000000017:0.005732000000000001;1:832:13:832:0.0072779999999999997:0.0056830000000000144;2:832:13:832:0.0072800000000000017:0.0059099999999999916;3:448:7:448:0.0072349999999999984:0.0059280000000000097]|3@0.059999999999999998@448@1024@784@1.3061224489795917[0:1024:16:1024:0.023559999999999998:0.019457999999999996;1:832:13:832:0.023577999999999995:0.011524000000000013;2:832:13:832:0.023565000000000003:0.016880999999999986;3:448:7:448:0.023526999999999996:0.01997100000000001]|4@0.080000000000000002@640@3136@2032@1.5433070866141732[0:3136:49:3136:0.026230000000000003:0.023471000000000034;1:2176:34:2176:0.026491999999999995:0.015593999999999969;2:2176:34:2176:0.026237000000000003:0.020648999999999952;3:640:10:640:0.026332999999999999:0.024116000000000026]|5@0.10000000000000001@640@3136@2032@1.5433070866141732[0:3136:49:3136:0.040422:0.026101000000000013;1:2176:34:2176:0.040690999999999984:0.017849999999999991;2:2176:34:2176:0.040426000000000011:0.024370999999999941;3:640:10:640:0.040524000000000004:0.027844000000000035]|6@0.12@640@3136@2032@1.5433070866141732[0:3136:49:3136:0.051549999999999999:0.030234999999999998;1:2176:34:2176:0.052083999999999984:0.022185999999999997;2:2176:34:2176:0.051615000000000015:0.028483999999999947;3:640:10:640:0.051594000000000001:0.029741000000000031],18,17.999999999999996,0,0,0,3.5527136788005009e-15,1.0604571670600553,0,1.7763568394002505e-14,2,2026-10-03T13:14:54.621627+00:00
localized-refinement,mpi,32,32,1024,8128,7.9375,192,1792,6144,127,2,37,0,6,1,4,0.065618999999999997,0.3988959580019582,0.048017999999999991,0.014829000000000005,0.00013499999999999276,0.028523,0.0031289999999999998,0.001401999999999997,0.013744999999999997,0.040329000000000059,0.0026550000000000046,640,3136,2032,1.5433070866141732,0:3136:49:3136:0.048017999999999991:0.03769700000000005;1:2176:34:2176:0.047994999999999996:0.034242999999999982;2:2176:34:2176:0.048000999999999995:0.032712999999999992;3:640:10:640:0.048000000000000001:0.038106999999999905,1@0.02@256@256@256@1[0:256:4:256:0.00097099999999999964:0.00021900000000000391;1:256:4:256:0.00096100000000000005:0.00032500000000000584;2:256:4:256:0.00095800000000000052:0.00022000000000000491;3:256:4:256:0.00096299999999999858:0.00033599999999999949]|2@0.040000000000000001@448@1024@784@1.3061224489795917[0:1024:16:1024:0.010777999999999999:0.0099590000000000026;1:832:13:832:0.010767000000000002:0.010088000000000024;2:832:13:832:0.010766000000000005:0.0098620000000000062;3:448:7:448:0.010769999999999995:0.010106999999999981]|3@0.059999999999999998@448@1024@784@1.3061224489795917[0:1024:16:1024:0.013348999999999996:0.010294000000000022;1:832:13:832:0.013342000000000003:0.010551000000000015;2:832:13:832:0.013337000000000002:0.010178000000000003;3:448:7:448:0.013340999999999992:0.010575999999999971]|4@0.080000000000000002@640@3136@2032@1.5433070866141732[0:3136:49:3136:0.015492000000000002:0.019436000000000047;1:2176:34:2176:0.015481999999999999:0.01965299999999998;2:2176:34:2176:0.015473000000000001:0.019504999999999977;3:640:10:640:0.015480999999999995:0.020234999999999944]|5@0.10000000000000001@640@3136@2032@1.5433070866141732[0:3136:49:3136:0.032136999999999999:0.028507000000000043;1:2176:34:2176:0.032113000000000003:0.024638999999999977;2:2176:34:2176:0.032127999999999997:0.026014999999999979;3:640:10:640:0.032121999999999998:0.030422999999999933]|6@0.12@640@3136@2032@1.5433070866141732[0:3136:49:3136:0.048017999999999991:0.03769700000000005;1:2176:34:2176:0.047994999999999996:0.034242999999999982;2:2176:34:2176:0.048000999999999995:0.032712999999999992;3:640:10:640:0.048000000000000001:0.038106999999999905],18,17.999999999999996,0,0,0,3.5527136788005009e-15,1.0604571670600553,0,1.7763568394002505e-14,3,2026-10-03T13:14:55.021029+00:00
