scenario,grid_rows,grid_cols,rows,cols,backend,threads,processes,steps,serial_runtime,backend_runtime,serial_wall_runtime,backend_wall_runtime,speedup,efficiency,max_depth_m,max_depth_difference_m,max_error,mean_absolute_error_m,rmse,relative_error,max_hu_error_m2_s,max_hv_error_m2_s,rmse_hu_m2_s,rmse_hv_m2_s,max_velocity_error_m_s,flooded_area_m2,flooded_area_difference_m2,water_volume_m3,water_volume_difference_m3,conservation_residual_m3,serial_conservation_residual_m3,wet_cells_match,memory_mb,serial_memory_mb,tolerance_m,momentum_tolerance_m2_s,conservation_tolerance_m3,conservation_pass,within_tolerance,status,repetitions,timestamp_utc,compiler,compiler_version,operating_system,cpu,setup_seconds,computation_seconds,communication_seconds,synchronization_seconds,other_seconds,timing_sum_residual_seconds
dam-break,512,512,512,512,serial,1,1,,0.0320156,0.0320156,0.32423212501453236,0.32423212501453236,1.0,1.0,1,0.0,0.0,0.0,0.0,0.0,0.0,0.0,0.0,0.0,0.0,3289600,0.0,3276800,0.0,0.0,0.0,True,71.46875,71.46875,1e-08,1e-08,1e-08,True,True,PASS,3,2026-10-04T16:16:15.827108+00:00,/usr/bin/c++,Apple clang version 16.0.0 (clang-1600.0.26.6),macOS-26.6.2-arm64-arm-64bit-Mach-O,Apple M2,0,0,0.0,0.0,0,
dam-break,512,512,512,512,openmp,1,,,0.0320156,0.0276701,0.32423212501453236,0.3167237500019837,1.157046776122963,1.157046776122963,1,0.0,0.0,0.0,0.0,0.0,0.0,0.0,0.0,0.0,0.0,3289600,0.0,3276800,0.0,0.0,0.0,True,71.484375,71.46875,1e-08,1e-08,1e-08,True,True,PASS,3,2026-10-04T16:16:15.827108+00:00,/usr/bin/c++,Apple clang version 16.0.0 (clang-1600.0.26.6),macOS-26.6.2-arm64-arm-64bit-Mach-O,Apple M2,0,0,0,0,0,
dam-break,512,512,512,512,openmp,2,,,0.0320156,0.0224278,0.32423212501453236,0.3133020000241231,1.4274962323544884,0.7137481161772442,1,0.0,0.0,0.0,0.0,0.0,0.0,0.0,0.0,0.0,0.0,3289600,0.0,3276800,0.0,0.0,0.0,True,71.5625,71.46875,1e-08,1e-08,1e-08,True,True,PASS,3,2026-10-04T16:16:15.827108+00:00,/usr/bin/c++,Apple clang version 16.0.0 (clang-1600.0.26.6),macOS-26.6.2-arm64-arm-64bit-Mach-O,Apple M2,0,0,0,0,0,
dam-break,512,512,512,512,openmp,4,,,0.0320156,0.0189568,0.32423212501453236,0.30957425001543015,1.6888715395003375,0.4222178848750844,1,0.0,0.0,0.0,0.0,0.0,0.0,0.0,0.0,0.0,0.0,3289600,0.0,3276800,0.0,0.0,0.0,True,71.59375,71.46875,1e-08,1e-08,1e-08,True,True,PASS,3,2026-10-04T16:16:15.827108+00:00,/usr/bin/c++,Apple clang version 16.0.0 (clang-1600.0.26.6),macOS-26.6.2-arm64-arm-64bit-Mach-O,Apple M2,0,0,0,0,0,
dam-break,512,512,512,512,mpi,,1,,0.0320156,0.033805,0.32423212501453236,0.4227778339991346,0.9470670019227924,0.9470670019227924,1,0.0,0.0,0.0,0.0,0.0,0.0,0.0,0.0,0.0,0.0,3289600,0.0,3276800,0.0,0.0,0.0,True,,71.46875,1e-08,1e-08,1e-08,True,True,PASS,3,2026-10-04T16:16:15.827108+00:00,/usr/bin/c++,Apple clang version 16.0.0 (clang-1600.0.26.6),macOS-26.6.2-arm64-arm-64bit-Mach-O,Apple M2,0.006057,0.021852,0,0.001775,0.003378,0.0007430000000000006
dam-break,512,512,512,512,mpi,,2,,0.0320156,0.021513,0.32423212501453236,0.41213770798640326,1.4881978338678936,0.7440989169339468,1,0.0,0.0,0.0,0.0,0.0,0.0,0.0,0.0,0.0,0.0,3289600,0.0,3276800,0.0,0.0,0.0,True,,71.46875,1e-08,1e-08,1e-08,True,True,PASS,3,2026-10-04T16:16:15.827108+00:00,/usr/bin/c++,Apple clang version 16.0.0 (clang-1600.0.26.6),macOS-26.6.2-arm64-arm-64bit-Mach-O,Apple M2,0.004782,0.012318,3.1e-05,0.003021,0.001361,0.0
dam-break,512,512,512,512,mpi,,4,,0.0320156,0.019215,0.32423212501453236,0.41583033301867545,1.6661774655217279,0.41654436638043196,1,0.0,0.0,0.0,0.0,0.0,0.0,0.0,0.0,0.0,0.0,3289600,0.0,3276800,0.0,0.0,0.0,True,,71.46875,1e-08,1e-08,1e-08,True,True,PASS,3,2026-10-04T16:16:15.827108+00:00,/usr/bin/c++,Apple clang version 16.0.0 (clang-1600.0.26.6),macOS-26.6.2-arm64-arm-64bit-Mach-O,Apple M2,0.005387,0.006688,0.000236,0.006269,0.000635,0.0
dam-break,1024,1024,1024,1024,serial,1,1,,0.119024,0.119024,0.9101867910067085,0.9101867910067085,1.0,1.0,1,0.0,0.0,0.0,0.0,0.0,0.0,0.0,0.0,0.0,0.0,13132800,0.0,13107200,0.0,0.0,0.0,True,264.328125,264.328125,1e-08,1e-08,1e-08,True,True,PASS,3,2026-10-04T16:16:15.827108+00:00,/usr/bin/c++,Apple clang version 16.0.0 (clang-1600.0.26.6),macOS-26.6.2-arm64-arm-64bit-Mach-O,Apple M2,0,0,0.0,0.0,0,
dam-break,1024,1024,1024,1024,openmp,1,,,0.119024,0.127755,0.9101867910067085,0.9196544589940459,0.9316582521232045,0.9316582521232045,1,0.0,0.0,0.0,0.0,0.0,0.0,0.0,0.0,0.0,0.0,13132800,0.0,13107200,0.0,0.0,0.0,True,264.34375,264.328125,1e-08,1e-08,1e-08,True,True,PASS,3,2026-10-04T16:16:15.827108+00:00,/usr/bin/c++,Apple clang version 16.0.0 (clang-1600.0.26.6),macOS-26.6.2-arm64-arm-64bit-Mach-O,Apple M2,0,0,0,0,0,
dam-break,1024,1024,1024,1024,openmp,2,,,0.119024,0.0919625,0.9101867910067085,0.871020166989183,1.294266684789996,0.647133342394998,1,0.0,0.0,0.0,0.0,0.0,0.0,0.0,0.0,0.0,0.0,13132800,0.0,13107200,0.0,0.0,0.0,True,264.421875,264.328125,1e-08,1e-08,1e-08,True,True,PASS,3,2026-10-04T16:16:15.827108+00:00,/usr/bin/c++,Apple clang version 16.0.0 (clang-1600.0.26.6),macOS-26.6.2-arm64-arm-64bit-Mach-O,Apple M2,0,0,0,0,0,
dam-break,1024,1024,1024,1024,openmp,4,,,0.119024,0.0785618,0.9101867910067085,0.8448904590040911,1.5150365699360249,0.3787591424840062,1,0.0,0.0,0.0,0.0,0.0,0.0,0.0,0.0,0.0,0.0,13132800,0.0,13107200,0.0,0.0,0.0,True,264.46875,264.328125,1e-08,1e-08,1e-08,True,True,PASS,3,2026-10-04T16:16:15.827108+00:00,/usr/bin/c++,Apple clang version 16.0.0 (clang-1600.0.26.6),macOS-26.6.2-arm64-arm-64bit-Mach-O,Apple M2,0,0,0,0,0,
dam-break,1024,1024,1024,1024,mpi,,1,,0.119024,0.145056,0.9101867910067085,1.0246582079853397,0.8205382748731526,0.8205382748731526,1,0.0,0.0,0.0,0.0,0.0,0.0,0.0,0.0,0.0,0.0,13132800,0.0,13107200,0.0,0.0,0.0,True,,264.328125,1e-08,1e-08,1e-08,True,True,PASS,3,2026-10-04T16:16:15.827108+00:00,/usr/bin/c++,Apple clang version 16.0.0 (clang-1600.0.26.6),macOS-26.6.2-arm64-arm-64bit-Mach-O,Apple M2,0.023807,0.086545,0,0.00845,0.019554,0.0067000000000000115
dam-break,1024,1024,1024,1024,mpi,,2,,0.119024,0.085395,0.9101867910067085,0.9501811249938328,1.393805257919082,0.696902628959541,1,0.0,0.0,0.0,0.0,0.0,0.0,0.0,0.0,0.0,0.0,13132800,0.0,13107200,0.0,0.0,0.0,True,,264.328125,1e-08,1e-08,1e-08,True,True,PASS,3,2026-10-04T16:16:15.827108+00:00,/usr/bin/c++,Apple clang version 16.0.0 (clang-1600.0.26.6),macOS-26.6.2-arm64-arm-64bit-Mach-O,Apple M2,0.01814,0.0512,0.000566,0.008955,0.006534,0.0
dam-break,1024,1024,1024,1024,mpi,,4,,0.119024,0.068771,0.9101867910067085,0.9428750829829369,1.7307295226185457,0.43268238065463643,1,0.0,0.0,0.0,0.0,0.0,0.0,0.0,0.0,0.0,0.0,13132800,0.0,13107200,0.0,0.0,0.0,True,,264.328125,1e-08,1e-08,1e-08,True,True,PASS,3,2026-10-04T16:16:15.827108+00:00,/usr/bin/c++,Apple clang version 16.0.0 (clang-1600.0.26.6),macOS-26.6.2-arm64-arm-64bit-Mach-O,Apple M2,0.015183,0.027059,0.002182,0.020945,0.002727,0.000674999999999995
rain-drain,512,512,512,512,serial,1,1,,0.0327924,0.0327924,0.486951416998636,0.486951416998636,1.0,1.0,0.0299751765975,0.0,0.0,0.0,0.0,0.0,0.0,0.0,0.0,0.0,0.0,6553600,0.0,196402.653867,0.0,0.0,0.0,True,71.46875,71.46875,1e-08,1e-08,1e-08,True,True,PASS,3,2026-10-04T16:16:15.827108+00:00,/usr/bin/c++,Apple clang version 16.0.0 (clang-1600.0.26.6),macOS-26.6.2-arm64-arm-64bit-Mach-O,Apple M2,0,0,0.0,0.0,0,
rain-drain,512,512,512,512,openmp,1,,,0.0327924,0.0326236,0.486951416998636,0.48912566699436866,1.0051741683934328,1.0051741683934328,0.0299751765975,0.0,0.0,0.0,0.0,0.0,0.0,0.0,0.0,0.0,0.0,6553600,0.0,196402.653867,0.0,0.0,0.0,True,71.484375,71.46875,1e-08,1e-08,1e-08,True,True,PASS,3,2026-10-04T16:16:15.827108+00:00,/usr/bin/c++,Apple clang version 16.0.0 (clang-1600.0.26.6),macOS-26.6.2-arm64-arm-64bit-Mach-O,Apple M2,0,0,0,0,0,
rain-drain,512,512,512,512,openmp,2,,,0.0327924,0.0243442,0.486951416998636,0.4777704580046702,1.3470313257367257,0.6735156628683628,0.0299751765975,0.0,0.0,0.0,0.0,0.0,0.0,0.0,0.0,0.0,0.0,6553600,0.0,196402.653867,0.0,0.0,0.0,True,71.5625,71.46875,1e-08,1e-08,1e-08,True,True,PASS,3,2026-10-04T16:16:15.827108+00:00,/usr/bin/c++,Apple clang version 16.0.0 (clang-1600.0.26.6),macOS-26.6.2-arm64-arm-64bit-Mach-O,Apple M2,0,0,0,0,0,
rain-drain,512,512,512,512,openmp,4,,,0.0327924,0.0198925,0.486951416998636,0.4859836669929791,1.648480583134347,0.41212014578358674,0.0299751765975,0.0,0.0,0.0,0.0,0.0,0.0,0.0,0.0,0.0,0.0,6553600,0.0,196402.653867,0.0,0.0,0.0,True,71.59375,71.46875,1e-08,1e-08,1e-08,True,True,PASS,3,2026-10-04T16:16:15.827108+00:00,/usr/bin/c++,Apple clang version 16.0.0 (clang-1600.0.26.6),macOS-26.6.2-arm64-arm-64bit-Mach-O,Apple M2,0,0,0,0,0,
rain-drain,512,512,512,512,mpi,,1,,0.0327924,0.038722,0.486951416998636,0.6122783750179224,0.8468674138732504,0.8468674138732504,0.0299751765975,0.0,0.0,0.0,0.0,0.0,0.0,0.0,0.0,0.0,0.0,6553600,0.0,196402.653867,0.0,0.0,0.0,True,,71.46875,1e-08,1e-08,1e-08,True,True,PASS,3,2026-10-04T16:16:15.827108+00:00,/usr/bin/c++,Apple clang version 16.0.0 (clang-1600.0.26.6),macOS-26.6.2-arm64-arm-64bit-Mach-O,Apple M2,0.007072,0.031319,0,0.001222,0.003425,-0.004316
rain-drain,512,512,512,512,mpi,,2,,0.0327924,0.024505,0.486951416998636,0.6096911250206176,1.338192205672312,0.669096102836156,0.0299751765975,0.0,0.0,0.0,0.0,0.0,0.0,0.0,0.0,0.0,0.0,6553600,0.0,196402.653867,0.0,0.0,0.0,True,,71.46875,1e-08,1e-08,1e-08,True,True,PASS,3,2026-10-04T16:16:15.827108+00:00,/usr/bin/c++,Apple clang version 16.0.0 (clang-1600.0.26.6),macOS-26.6.2-arm64-arm-64bit-Mach-O,Apple M2,0.005569,0.014199,2.6e-05,0.001512,0.001375,0.0018239999999999992
rain-drain,512,512,512,512,mpi,,4,,0.0327924,0.021766,0.486951416998636,0.6075827919994481,1.5065882569144537,0.37664706422861344,0.0299751765975,0.0,0.0,0.0,0.0,0.0,0.0,0.0,0.0,0.0,0.0,6553600,0.0,196402.653867,0.0,0.0,0.0,True,,71.46875,1e-08,1e-08,1e-08,True,True,PASS,3,2026-10-04T16:16:15.827108+00:00,/usr/bin/c++,Apple clang version 16.0.0 (clang-1600.0.26.6),macOS-26.6.2-arm64-arm-64bit-Mach-O,Apple M2,0.005126,0.009242,4.4e-05,0.005392,0.000669,0.001292999999999999
rain-drain,1024,1024,1024,1024,serial,1,1,,0.142392,0.142392,1.5894072920200415,1.5894072920200415,1.0,1.0,0.0299751765975,0.0,0.0,0.0,0.0,0.0,0.0,0.0,0.0,0.0,0.0,26214400,0.0,785610.615467,0.0,0.0,0.0,True,264.328125,264.328125,1e-08,1e-08,1e-08,True,True,PASS,3,2026-10-04T16:16:15.827108+00:00,/usr/bin/c++,Apple clang version 16.0.0 (clang-1600.0.26.6),macOS-26.6.2-arm64-arm-64bit-Mach-O,Apple M2,0,0,0.0,0.0,0,
rain-drain,1024,1024,1024,1024,openmp,1,,,0.142392,0.141227,1.5894072920200415,1.5760523329954594,1.008249130831923,1.008249130831923,0.0299751765975,0.0,0.0,0.0,0.0,0.0,0.0,0.0,0.0,0.0,0.0,26214400,0.0,785610.615467,0.0,0.0,0.0,True,264.34375,264.328125,1e-08,1e-08,1e-08,True,True,PASS,3,2026-10-04T16:16:15.827108+00:00,/usr/bin/c++,Apple clang version 16.0.0 (clang-1600.0.26.6),macOS-26.6.2-arm64-arm-64bit-Mach-O,Apple M2,0,0,0,0,0,
rain-drain,1024,1024,1024,1024,openmp,2,,,0.142392,0.10769,1.5894072920200415,1.6257417500019073,1.3222397622806203,0.6611198811403102,0.0299751765975,0.0,0.0,0.0,0.0,0.0,0.0,0.0,0.0,0.0,0.0,26214400,0.0,785610.615467,0.0,0.0,0.0,True,264.40625,264.328125,1e-08,1e-08,1e-08,True,True,PASS,3,2026-10-04T16:16:15.827108+00:00,/usr/bin/c++,Apple clang version 16.0.0 (clang-1600.0.26.6),macOS-26.6.2-arm64-arm-64bit-Mach-O,Apple M2,0,0,0,0,0,
rain-drain,1024,1024,1024,1024,openmp,4,,,0.142392,0.0814249,1.5894072920200415,1.4914836669922806,1.7487525314737875,0.4371881328684469,0.0299751765975,0.0,0.0,0.0,0.0,0.0,0.0,0.0,0.0,0.0,0.0,26214400,0.0,785610.615467,0.0,0.0,0.0,True,264.453125,264.328125,1e-08,1e-08,1e-08,True,True,PASS,3,2026-10-04T16:16:15.827108+00:00,/usr/bin/c++,Apple clang version 16.0.0 (clang-1600.0.26.6),macOS-26.6.2-arm64-arm-64bit-Mach-O,Apple M2,0,0,0,0,0,
rain-drain,1024,1024,1024,1024,mpi,,1,,0.142392,0.158593,1.5894072920200415,1.716545125003904,0.8978454282345374,0.8978454282345374,0.0299751765975,0.0,0.0,0.0,0.0,0.0,0.0,0.0,0.0,0.0,0.0,26214400,0.0,785610.615467,0.0,0.0,0.0,True,,264.328125,1e-08,1e-08,1e-08,True,True,PASS,3,2026-10-04T16:16:15.827108+00:00,/usr/bin/c++,Apple clang version 16.0.0 (clang-1600.0.26.6),macOS-26.6.2-arm64-arm-64bit-Mach-O,Apple M2,0.023087,0.101027,0,0.007579,0.015369,0.011531000000000013
rain-drain,1024,1024,1024,1024,mpi,,2,,0.142392,0.098459,1.5894072920200415,1.63229149999097,1.4462060349993398,0.7231030174996699,0.0299751765975,0.0,0.0,0.0,0.0,0.0,0.0,0.0,0.0,0.0,0.0,26214400,0.0,785610.615467,0.0,0.0,0.0,True,,264.328125,1e-08,1e-08,1e-08,True,True,PASS,3,2026-10-04T16:16:15.827108+00:00,/usr/bin/c++,Apple clang version 16.0.0 (clang-1600.0.26.6),macOS-26.6.2-arm64-arm-64bit-Mach-O,Apple M2,0.019947,0.078335,0.000268,0.007137,0.006433,-0.013660999999999993
rain-drain,1024,1024,1024,1024,mpi,,4,,0.142392,0.117484,1.5894072920200415,1.691807915980462,1.2120118484219127,0.30300296210547817,0.0299751765975,0.0,0.0,0.0,0.0,0.0,0.0,0.0,0.0,0.0,0.0,26214400,0.0,785610.615467,0.0,0.0,0.0,True,,264.328125,1e-08,1e-08,1e-08,True,True,PASS,3,2026-10-04T16:16:15.827108+00:00,/usr/bin/c++,Apple clang version 16.0.0 (clang-1600.0.26.6),macOS-26.6.2-arm64-arm-64bit-Mach-O,Apple M2,0.031855,0.056402,0.017095,0.030062,0.004451,-0.022380999999999984
localized-refinement,512,512,512,512,serial,1,1,,0.0285116,0.0285116,0.3212728330108803,0.3212728330108803,1.0,1.0,0.5,0.0,0.0,0.0,0.0,0.0,0.0,0.0,0.0,0.0,0.0,270300,0.0,130050,0.0,0.0,0.0,True,71.46875,71.46875,1e-08,1e-08,1e-08,True,True,PASS,3,2026-10-04T16:16:15.827108+00:00,/usr/bin/c++,Apple clang version 16.0.0 (clang-1600.0.26.6),macOS-26.6.2-arm64-arm-64bit-Mach-O,Apple M2,0,0,0.0,0.0,0,
localized-refinement,512,512,512,512,openmp,1,,,0.0285116,0.0268198,0.3212728330108803,0.31196741698659025,1.0630802615977748,1.0630802615977748,0.5,0.0,0.0,0.0,0.0,0.0,0.0,0.0,0.0,0.0,0.0,270300,0.0,130050,0.0,0.0,0.0,True,71.5,71.46875,1e-08,1e-08,1e-08,True,True,PASS,3,2026-10-04T16:16:15.827108+00:00,/usr/bin/c++,Apple clang version 16.0.0 (clang-1600.0.26.6),macOS-26.6.2-arm64-arm-64bit-Mach-O,Apple M2,0,0,0,0,0,
localized-refinement,512,512,512,512,openmp,2,,,0.0285116,0.0205572,0.3212728330108803,0.3051921250007581,1.386939855622361,0.6934699278111806,0.5,0.0,0.0,0.0,0.0,0.0,0.0,0.0,0.0,0.0,0.0,270300,0.0,130050,0.0,0.0,0.0,True,71.5625,71.46875,1e-08,1e-08,1e-08,True,True,PASS,3,2026-10-04T16:16:15.827108+00:00,/usr/bin/c++,Apple clang version 16.0.0 (clang-1600.0.26.6),macOS-26.6.2-arm64-arm-64bit-Mach-O,Apple M2,0,0,0,0,0,
localized-refinement,512,512,512,512,openmp,4,,,0.0285116,0.0188677,0.3212728330108803,0.3063430840265937,1.5111327824801115,0.3777831956200279,0.5,0.0,0.0,0.0,0.0,0.0,0.0,0.0,0.0,0.0,0.0,270300,0.0,130050,0.0,0.0,0.0,True,71.59375,71.46875,1e-08,1e-08,1e-08,True,True,PASS,3,2026-10-04T16:16:15.827108+00:00,/usr/bin/c++,Apple clang version 16.0.0 (clang-1600.0.26.6),macOS-26.6.2-arm64-arm-64bit-Mach-O,Apple M2,0,0,0,0,0,
localized-refinement,512,512,512,512,mpi,,1,,0.0285116,0.0322,0.3212728330108803,0.4112769159837626,0.8854534161490684,0.8854534161490684,0.5,0.0,0.0,0.0,0.0,0.0,0.0,0.0,0.0,0.0,0.0,270300,0.0,130050,0.0,0.0,0.0,True,,71.46875,1e-08,1e-08,1e-08,True,True,PASS,3,2026-10-04T16:16:15.827108+00:00,/usr/bin/c++,Apple clang version 16.0.0 (clang-1600.0.26.6),macOS-26.6.2-arm64-arm-64bit-Mach-O,Apple M2,0.006091,0.021525,0,0.001289,0.003338,-4.300000000000137e-05
localized-refinement,512,512,512,512,mpi,,2,,0.0285116,0.020977,0.3212728330108803,0.40379579199361615,1.3591838680459551,0.6795919340229776,0.5,0.0,0.0,0.0,0.0,0.0,0.0,0.0,0.0,0.0,0.0,270300,0.0,130050,0.0,0.0,0.0,True,,71.46875,1e-08,1e-08,1e-08,True,True,PASS,3,2026-10-04T16:16:15.827108+00:00,/usr/bin/c++,Apple clang version 16.0.0 (clang-1600.0.26.6),macOS-26.6.2-arm64-arm-64bit-Mach-O,Apple M2,0.004712,0.012056,0.000272,0.002502,0.001295,0.00013999999999999777
localized-refinement,512,512,512,512,mpi,,4,,0.0285116,0.019062,0.3212728330108803,0.4075265409774147,1.495729724058336,0.373932431014584,0.5,0.0,0.0,0.0,0.0,0.0,0.0,0.0,0.0,0.0,0.0,270300,0.0,130050,0.0,0.0,0.0,True,,71.46875,1e-08,1e-08,1e-08,True,True,PASS,3,2026-10-04T16:16:15.827108+00:00,/usr/bin/c++,Apple clang version 16.0.0 (clang-1600.0.26.6),macOS-26.6.2-arm64-arm-64bit-Mach-O,Apple M2,0.006098,0.006811,0.000115,0.00546,0.000578,0.0
localized-refinement,1024,1024,1024,1024,serial,1,1,,0.105527,0.105527,0.8573225409782026,0.8573225409782026,1.0,1.0,0.5,0.0,0.0,0.0,0.0,0.0,0.0,0.0,0.0,0.0,0.0,1060800,0.0,520200,0.0,0.0,0.0,True,264.34375,264.34375,1e-08,1e-08,1e-08,True,True,PASS,3,2026-10-04T16:16:15.827108+00:00,/usr/bin/c++,Apple clang version 16.0.0 (clang-1600.0.26.6),macOS-26.6.2-arm64-arm-64bit-Mach-O,Apple M2,0,0,0.0,0.0,0,
localized-refinement,1024,1024,1024,1024,openmp,1,,,0.105527,0.11795,0.8573225409782026,0.8805315000063274,0.8946757100466299,0.8946757100466299,0.5,0.0,0.0,0.0,0.0,0.0,0.0,0.0,0.0,0.0,0.0,1060800,0.0,520200,0.0,0.0,0.0,True,264.34375,264.34375,1e-08,1e-08,1e-08,True,True,PASS,3,2026-10-04T16:16:15.827108+00:00,/usr/bin/c++,Apple clang version 16.0.0 (clang-1600.0.26.6),macOS-26.6.2-arm64-arm-64bit-Mach-O,Apple M2,0,0,0,0,0,
localized-refinement,1024,1024,1024,1024,openmp,2,,,0.105527,0.0875492,0.8573225409782026,0.8381154999951832,1.2053451088073905,0.6026725544036953,0.5,0.0,0.0,0.0,0.0,0.0,0.0,0.0,0.0,0.0,0.0,1060800,0.0,520200,0.0,0.0,0.0,True,264.421875,264.34375,1e-08,1e-08,1e-08,True,True,PASS,3,2026-10-04T16:16:15.827108+00:00,/usr/bin/c++,Apple clang version 16.0.0 (clang-1600.0.26.6),macOS-26.6.2-arm64-arm-64bit-Mach-O,Apple M2,0,0,0,0,0,
localized-refinement,1024,1024,1024,1024,openmp,4,,,0.105527,0.0753763,0.8573225409782026,0.8241669590061065,1.400002388018515,0.35000059700462877,0.5,0.0,0.0,0.0,0.0,0.0,0.0,0.0,0.0,0.0,0.0,1060800,0.0,520200,0.0,0.0,0.0,True,264.453125,264.34375,1e-08,1e-08,1e-08,True,True,PASS,3,2026-10-04T16:16:15.827108+00:00,/usr/bin/c++,Apple clang version 16.0.0 (clang-1600.0.26.6),macOS-26.6.2-arm64-arm-64bit-Mach-O,Apple M2,0,0,0,0,0,
localized-refinement,1024,1024,1024,1024,mpi,,1,,0.105527,0.140846,0.8573225409782026,1.0222238340065815,0.7492367550374167,0.7492367550374167,0.5,0.0,0.0,0.0,0.0,0.0,0.0,0.0,0.0,0.0,0.0,1060800,0.0,520200,0.0,0.0,0.0,True,,264.34375,1e-08,1e-08,1e-08,True,True,PASS,3,2026-10-04T16:16:15.827108+00:00,/usr/bin/c++,Apple clang version 16.0.0 (clang-1600.0.26.6),macOS-26.6.2-arm64-arm-64bit-Mach-O,Apple M2,0.024446,0.089904,1e-06,0.007473,0.016114,0.002907999999999994
localized-refinement,1024,1024,1024,1024,mpi,,2,,0.105527,0.08333,0.8573225409782026,0.9670731670048553,1.2663746549861994,0.6331873274930997,0.5,0.0,0.0,0.0,0.0,0.0,0.0,0.0,0.0,0.0,0.0,1060800,0.0,520200,0.0,0.0,0.0,True,,264.34375,1e-08,1e-08,1e-08,True,True,PASS,3,2026-10-04T16:16:15.827108+00:00,/usr/bin/c++,Apple clang version 16.0.0 (clang-1600.0.26.6),macOS-26.6.2-arm64-arm-64bit-Mach-O,Apple M2,0.018935,0.059063,0.001542,0.010747,0.005923,-0.012880000000000003
localized-refinement,1024,1024,1024,1024,mpi,,4,,0.105527,0.070645,0.8573225409782026,0.9485502080060542,1.4937645976360676,0.3734411494090169,0.5,0.0,0.0,0.0,0.0,0.0,0.0,0.0,0.0,0.0,0.0,1060800,0.0,520200,0.0,0.0,0.0,True,,264.34375,1e-08,1e-08,1e-08,True,True,PASS,3,2026-10-04T16:16:15.827108+00:00,/usr/bin/c++,Apple clang version 16.0.0 (clang-1600.0.26.6),macOS-26.6.2-arm64-arm-64bit-Mach-O,Apple M2,0.017614,0.028834,0.002168,0.016519,0.003421,0.0020890000000000075
