family,scenario,rows,cols,backend,threads,ranks,dynamic_load_balancing,max_level,patch_extent,repeats,median_runtime_seconds,serial_speedup,parallel_efficiency,adaptive_overhead_vs_uniform_serial,static_over_dynamic_speedup,active_leaf_cells,active_cell_ratio,workload_imbalance,pre_rebalance_imbalance,post_rebalance_imbalance,migration_count,migrated_patches,migrated_cells,migration_time_seconds,migration_overhead_fraction,compute_seconds,communication_seconds,mesh_seconds,regridding_seconds,steps,mass_balance_residual,interface_conservation_residual,refined_patches,coarsened_patches
uniform,dam-break,512,512,serial,1,1,false,,,3,0.0320156,1.0,1.0,,,262144,1.0,,,,,,,,,0.0,0.0,,,,0.0,,,
uniform,dam-break,512,512,openmp,1,,false,,,3,0.0276701,1.157046776122963,1.157046776122963,,,262144,1.0,,,,,,,,,0.0,0.0,,,,0.0,,,
uniform,dam-break,512,512,openmp,2,,false,,,3,0.0224278,1.4274962323544884,0.7137481161772442,,,262144,1.0,,,,,,,,,0.0,0.0,,,,0.0,,,
uniform,dam-break,512,512,openmp,4,,false,,,3,0.0189568,1.6888715395003375,0.4222178848750844,,,262144,1.0,,,,,,,,,0.0,0.0,,,,0.0,,,
uniform,dam-break,512,512,mpi,,1,false,,,3,0.033805,0.9470670019227924,0.9470670019227924,,,262144,1.0,,,,,,,,,0.021852,0.0,,,,0.0,,,
uniform,dam-break,512,512,mpi,,2,false,,,3,0.021513,1.4881978338678936,0.7440989169339468,,,262144,1.0,,,,,,,,,0.012318,3.1e-05,,,,0.0,,,
uniform,dam-break,512,512,mpi,,4,false,,,3,0.019215,1.6661774655217279,0.41654436638043196,,,262144,1.0,,,,,,,,,0.006688,0.000236,,,,0.0,,,
uniform,dam-break,1024,1024,serial,1,1,false,,,3,0.119024,1.0,1.0,,,1048576,1.0,,,,,,,,,0.0,0.0,,,,0.0,,,
uniform,dam-break,1024,1024,openmp,1,,false,,,3,0.127755,0.9316582521232045,0.9316582521232045,,,1048576,1.0,,,,,,,,,0.0,0.0,,,,0.0,,,
uniform,dam-break,1024,1024,openmp,2,,false,,,3,0.0919625,1.294266684789996,0.647133342394998,,,1048576,1.0,,,,,,,,,0.0,0.0,,,,0.0,,,
uniform,dam-break,1024,1024,openmp,4,,false,,,3,0.0785618,1.5150365699360249,0.3787591424840062,,,1048576,1.0,,,,,,,,,0.0,0.0,,,,0.0,,,
uniform,dam-break,1024,1024,mpi,,1,false,,,3,0.145056,0.8205382748731526,0.8205382748731526,,,1048576,1.0,,,,,,,,,0.086545,0.0,,,,0.0,,,
uniform,dam-break,1024,1024,mpi,,2,false,,,3,0.085395,1.393805257919082,0.696902628959541,,,1048576,1.0,,,,,,,,,0.0512,0.000566,,,,0.0,,,
uniform,dam-break,1024,1024,mpi,,4,false,,,3,0.068771,1.7307295226185457,0.43268238065463643,,,1048576,1.0,,,,,,,,,0.027059,0.002182,,,,0.0,,,
uniform,rain-drain,512,512,serial,1,1,false,,,3,0.0327924,1.0,1.0,,,262144,1.0,,,,,,,,,0.0,0.0,,,,0.0,,,
uniform,rain-drain,512,512,openmp,1,,false,,,3,0.0326236,1.0051741683934328,1.0051741683934328,,,262144,1.0,,,,,,,,,0.0,0.0,,,,0.0,,,
uniform,rain-drain,512,512,openmp,2,,false,,,3,0.0243442,1.3470313257367257,0.6735156628683628,,,262144,1.0,,,,,,,,,0.0,0.0,,,,0.0,,,
uniform,rain-drain,512,512,openmp,4,,false,,,3,0.0198925,1.648480583134347,0.41212014578358674,,,262144,1.0,,,,,,,,,0.0,0.0,,,,0.0,,,
uniform,rain-drain,512,512,mpi,,1,false,,,3,0.038722,0.8468674138732504,0.8468674138732504,,,262144,1.0,,,,,,,,,0.031319,0.0,,,,0.0,,,
uniform,rain-drain,512,512,mpi,,2,false,,,3,0.024505,1.338192205672312,0.669096102836156,,,262144,1.0,,,,,,,,,0.014199,2.6e-05,,,,0.0,,,
uniform,rain-drain,512,512,mpi,,4,false,,,3,0.021766,1.5065882569144537,0.37664706422861344,,,262144,1.0,,,,,,,,,0.009242,4.4e-05,,,,0.0,,,
uniform,rain-drain,1024,1024,serial,1,1,false,,,3,0.142392,1.0,1.0,,,1048576,1.0,,,,,,,,,0.0,0.0,,,,0.0,,,
uniform,rain-drain,1024,1024,openmp,1,,false,,,3,0.141227,1.008249130831923,1.008249130831923,,,1048576,1.0,,,,,,,,,0.0,0.0,,,,0.0,,,
uniform,rain-drain,1024,1024,openmp,2,,false,,,3,0.10769,1.3222397622806203,0.6611198811403102,,,1048576,1.0,,,,,,,,,0.0,0.0,,,,0.0,,,
uniform,rain-drain,1024,1024,openmp,4,,false,,,3,0.0814249,1.7487525314737875,0.4371881328684469,,,1048576,1.0,,,,,,,,,0.0,0.0,,,,0.0,,,
uniform,rain-drain,1024,1024,mpi,,1,false,,,3,0.158593,0.8978454282345374,0.8978454282345374,,,1048576,1.0,,,,,,,,,0.101027,0.0,,,,0.0,,,
uniform,rain-drain,1024,1024,mpi,,2,false,,,3,0.098459,1.4462060349993398,0.7231030174996699,,,1048576,1.0,,,,,,,,,0.078335,0.000268,,,,0.0,,,
uniform,rain-drain,1024,1024,mpi,,4,false,,,3,0.117484,1.2120118484219127,0.30300296210547817,,,1048576,1.0,,,,,,,,,0.056402,0.017095,,,,0.0,,,
uniform,localized-refinement,512,512,serial,1,1,false,,,3,0.0285116,1.0,1.0,,,262144,1.0,,,,,,,,,0.0,0.0,,,,0.0,,,
uniform,localized-refinement,512,512,openmp,1,,false,,,3,0.0268198,1.0630802615977748,1.0630802615977748,,,262144,1.0,,,,,,,,,0.0,0.0,,,,0.0,,,
uniform,localized-refinement,512,512,openmp,2,,false,,,3,0.0205572,1.386939855622361,0.6934699278111806,,,262144,1.0,,,,,,,,,0.0,0.0,,,,0.0,,,
uniform,localized-refinement,512,512,openmp,4,,false,,,3,0.0188677,1.5111327824801115,0.3777831956200279,,,262144,1.0,,,,,,,,,0.0,0.0,,,,0.0,,,
uniform,localized-refinement,512,512,mpi,,1,false,,,3,0.0322,0.8854534161490684,0.8854534161490684,,,262144,1.0,,,,,,,,,0.021525,0.0,,,,0.0,,,
uniform,localized-refinement,512,512,mpi,,2,false,,,3,0.020977,1.3591838680459551,0.6795919340229776,,,262144,1.0,,,,,,,,,0.012056,0.000272,,,,0.0,,,
uniform,localized-refinement,512,512,mpi,,4,false,,,3,0.019062,1.495729724058336,0.373932431014584,,,262144,1.0,,,,,,,,,0.006811,0.000115,,,,0.0,,,
uniform,localized-refinement,1024,1024,serial,1,1,false,,,3,0.105527,1.0,1.0,,,1048576,1.0,,,,,,,,,0.0,0.0,,,,0.0,,,
uniform,localized-refinement,1024,1024,openmp,1,,false,,,3,0.11795,0.8946757100466299,0.8946757100466299,,,1048576,1.0,,,,,,,,,0.0,0.0,,,,0.0,,,
uniform,localized-refinement,1024,1024,openmp,2,,false,,,3,0.0875492,1.2053451088073905,0.6026725544036953,,,1048576,1.0,,,,,,,,,0.0,0.0,,,,0.0,,,
uniform,localized-refinement,1024,1024,openmp,4,,false,,,3,0.0753763,1.400002388018515,0.35000059700462877,,,1048576,1.0,,,,,,,,,0.0,0.0,,,,0.0,,,
uniform,localized-refinement,1024,1024,mpi,,1,false,,,3,0.140846,0.7492367550374167,0.7492367550374167,,,1048576,1.0,,,,,,,,,0.089904,1e-06,,,,0.0,,,
uniform,localized-refinement,1024,1024,mpi,,2,false,,,3,0.08333,1.2663746549861994,0.6331873274930997,,,1048576,1.0,,,,,,,,,0.059063,0.001542,,,,0.0,,,
uniform,localized-refinement,1024,1024,mpi,,4,false,,,3,0.070645,1.4937645976360676,0.3734411494090169,,,1048576,1.0,,,,,,,,,0.028834,0.002168,,,,0.0,,,
adaptive,dam-break,32,32,serial,1,1,false,2.0,4.0,3,0.29172729211859405,1.0,1.0,,,5440.0,5.3125,1.0,1.0,1.0,0.0,0.0,0.0,0.0,0.0,0.26821087417192757,0.0,0.008210999891161919,0.022722707828506827,7.0,0.0,0.0,92.0,0.0
adaptive,dam-break,32,32,openmp,1,1,false,2.0,4.0,3,0.03845199989154935,7.586791140678937,7.586791140678937,,,5440.0,5.3125,1.0,1.0,1.0,0.0,0.0,0.0,0.0,0.0,0.015039208345115185,0.0,0.007818251149728894,0.022686541778966784,7.0,0.0,0.0,92.0,0.0
adaptive,dam-break,32,32,openmp,2,1,false,2.0,4.0,3,0.03775158291682601,7.727551259541231,3.8637756297706156,,,5440.0,5.3125,1.0,1.0,1.0,0.0,0.0,0.0,0.0,0.0,0.01434204145334661,0.0,0.007660875795409083,0.02263449993915856,7.0,0.0,0.0,92.0,0.0
adaptive,dam-break,32,32,openmp,4,1,false,2.0,4.0,3,0.037586916936561465,7.761405188166037,1.9403512970415093,,,5440.0,5.3125,1.0,1.0,1.0,0.0,0.0,0.0,0.0,0.0,0.014240457210689783,0.0,0.008035750826820731,0.022692915983498096,7.0,0.0,0.0,92.0,0.0
adaptive,dam-break,32,32,mpi,1,1,false,2.0,4.0,3,0.035004999999999994,8.333874935540468,8.333874935540468,,,5440.0,5.3125,1.0,1.0,1.0,0.0,0.0,0.0,0.0,0.0,0.012697000000000003,0.0018349999999999964,0.007756999999999995,0.021571,7.0,0.0,0.0,92.0,0.0
adaptive,dam-break,32,32,mpi,1,2,false,2.0,4.0,3,0.035826000000000004,8.142893209361748,4.071446604680874,,,5440.0,5.3125,1.0,1.0,1.0,0.0,0.0,0.0,0.0,0.0,0.011784000000000003,0.003981000000000014,0.008331999999999999,0.021428999999999997,7.0,0.0,0.0,92.0,0.0
adaptive,dam-break,32,32,mpi,1,4,false,2.0,4.0,3,0.038985999999999965,7.48287313698749,1.8707182842468726,,,5440.0,5.3125,1.1058823529411765,1.0,1.0,0.0,0.0,0.0,0.0,0.0,0.011456999999999981,0.006382000000000061,0.008616999999999991,0.024109000000000002,7.0,0.0,0.0,92.0,0.0
adaptive,dam-break,32,32,mpi,1,1,true,2.0,4.0,3,0.035177,8.29312596635853,8.29312596635853,,0.9951104414816497,5440.0,5.3125,1.0,1.0,1.0,0.0,0.0,0.0,0.0,0.0,0.012665999999999998,0.001673000000000006,0.007836999999999872,0.021650999999999865,7.0,0.0,0.0,92.0,0.0
adaptive,dam-break,32,32,mpi,1,2,true,2.0,4.0,3,0.035178,8.292890218846837,4.146445109423419,,1.0184206037864576,5440.0,5.3125,1.0,1.0,1.0,0.0,0.0,0.0,0.0,0.0,0.011687000000000005,0.0031300000000000147,0.008373999999999998,0.021424,7.0,0.0,0.0,92.0,0.0
adaptive,dam-break,32,32,mpi,1,4,true,2.0,4.0,3,0.036694000000000004,7.950272309331063,1.9875680773327657,,1.062462527933721,5440.0,5.3125,1.1058823529411765,1.0,1.0,0.0,0.0,0.0,0.0,0.0,0.012619999999999996,0.004302000000000059,0.009554000000000003,0.022593999999999996,7.0,0.0,0.0,92.0,0.0
adaptive,rain-drain,32,32,serial,1,1,false,2.0,4.0,3,0.017248708987608552,1.0,1.0,,,1024.0,1.0,1.0,1.0,1.0,0.0,0.0,0.0,0.0,0.0,0.016805206891149282,0.0,0.0018977078143507242,0.00019079097546637058,6.0,3.552713678800501e-15,0.0,0.0,0.0
adaptive,rain-drain,32,32,openmp,1,1,false,2.0,4.0,3,0.003860583994537592,4.467901491591442,4.467901491591442,,,1024.0,1.0,1.0,1.0,1.0,0.0,0.0,0.0,0.0,0.0,0.0034195426851511,0.0,0.0018059604335576296,0.00019175000488758087,6.0,3.552713678800501e-15,0.0,0.0,0.0
adaptive,rain-drain,32,32,openmp,2,1,false,2.0,4.0,3,0.0038221250288188457,4.512858385728667,2.2564291928643336,,,1024.0,1.0,1.0,1.0,1.0,0.0,0.0,0.0,0.0,0.0,0.0033904172014445066,0.0,0.0018136247526854277,0.0001894170418381691,6.0,3.552713678800501e-15,0.0,0.0,0.0
adaptive,rain-drain,32,32,openmp,4,1,false,2.0,4.0,3,0.0040172499138861895,4.293660926592086,1.0734152316480214,,,1024.0,1.0,1.0,1.0,1.0,0.0,0.0,0.0,0.0,0.0,0.0035742088221013546,0.0,0.001852543093264103,0.00019441591575741768,6.0,3.552713678800501e-15,0.0,0.0,0.0
adaptive,rain-drain,32,32,mpi,1,1,false,2.0,4.0,3,0.0035639999999999995,4.8397051031449365,4.8397051031449365,,,1024.0,1.0,1.0,1.0,1.0,0.0,0.0,0.0,0.0,0.0,0.003093000000000002,0.00037799999999999986,0.0018509999999999985,0.00018900000000000167,6.0,3.552713678800501e-15,0.0,0.0,0.0
adaptive,rain-drain,32,32,mpi,1,2,false,2.0,4.0,3,0.0038729999999999997,4.453578359826634,2.226789179913317,,,1024.0,1.0,1.0,1.0,1.0,0.0,0.0,0.0,0.0,0.0,0.0031229999999999973,0.0010870000000000046,0.0019370000000000012,0.00018799999999999893,6.0,3.552713678800501e-15,0.0,0.0,0.0
adaptive,rain-drain,32,32,mpi,1,4,false,2.0,4.0,3,0.004515999999999999,3.8194661177166864,0.9548665294291716,,,1024.0,1.0,1.0,1.0,1.0,0.0,0.0,0.0,0.0,0.0,0.0033299999999999996,0.0017769999999999904,0.002134000000000004,0.00019699999999999926,6.0,3.552713678800501e-15,0.0,0.0,0.0
adaptive,rain-drain,32,32,mpi,1,1,true,2.0,4.0,3,0.003542,4.869765383288693,4.869765383288693,,1.0062111801242235,1024.0,1.0,1.0,1.0,1.0,0.0,0.0,0.0,0.0,0.0,0.003039,0.00038400000000000066,0.0018060000000000003,0.00018400000000000014,6.0,3.552713678800501e-15,0.0,0.0,0.0
adaptive,rain-drain,32,32,mpi,1,2,true,2.0,4.0,3,0.003856,4.473212911724209,2.2366064558621046,,1.004408713692946,1024.0,1.0,1.0,1.0,1.0,0.0,0.0,0.0,0.0,0.0,0.003018999999999999,0.0010279999999999925,0.0018869999999999998,0.00018899999999999993,6.0,3.552713678800501e-15,0.0,0.0,0.0
adaptive,rain-drain,32,32,mpi,1,4,true,2.0,4.0,3,0.004615000000000001,3.7375317416269875,0.9343829354067469,,0.9785482123510288,1024.0,1.0,1.0,1.0,1.0,0.0,0.0,0.0,0.0,0.0,0.0033800000000000045,0.001683999999999998,0.0021950000000000025,0.00019199999999999773,6.0,3.552713678800501e-15,0.0,0.0,0.0
adaptive,localized-refinement,32,32,serial,1,1,false,2.0,4.0,3,0.18348845792934299,1.0,1.0,,,5104.0,4.984375,1.0,1.0,1.0,0.0,0.0,0.0,0.0,0.0,0.16406699898652732,0.0,0.006165584083646536,0.01886862493120134,6.0,0.0,0.0,85.0,0.0
adaptive,localized-refinement,32,32,openmp,1,1,false,2.0,4.0,3,0.03039437485858798,6.036921594309351,6.036921594309351,,,5104.0,4.984375,1.0,1.0,1.0,0.0,0.0,0.0,0.0,0.0,0.011030127061530948,0.0,0.005951750790700316,0.0188537931535393,6.0,0.0,0.0,85.0,0.0
adaptive,localized-refinement,32,32,openmp,2,1,false,2.0,4.0,3,0.03319095796905458,5.528266406182597,2.7641332030912986,,,5104.0,4.984375,1.0,1.0,1.0,0.0,0.0,0.0,0.0,0.0,0.011758417123928666,0.0,0.006844497984275222,0.02065229113213718,6.0,0.0,0.0,85.0,0.0
adaptive,localized-refinement,32,32,openmp,4,1,false,2.0,4.0,3,0.02973245782777667,6.171318193476905,1.5428295483692263,,,5104.0,4.984375,1.0,1.0,1.0,0.0,0.0,0.0,0.0,0.0,0.010333582991734147,0.0,0.005836500320583582,0.018941125134006143,6.0,0.0,0.0,85.0,0.0
adaptive,localized-refinement,32,32,mpi,1,1,false,2.0,4.0,3,0.027559,6.658023075196596,6.658023075196596,,,5104.0,4.984375,1.0,1.0,1.0,0.0,0.0,0.0,0.0,0.0,0.009004999999999999,0.0011569999999999862,0.005865999999999996,0.018005,6.0,0.0,0.0,85.0,0.0
adaptive,localized-refinement,32,32,mpi,1,2,false,2.0,4.0,3,0.031229,5.875579042855775,2.9377895214278875,,,5104.0,4.984375,1.3103448275862069,1.0,1.0,0.0,0.0,0.0,0.0,0.0,0.009952999999999995,0.0035000000000000083,0.006734999999999998,0.019206999999999995,6.0,0.0,0.0,85.0,0.0
adaptive,localized-refinement,32,32,mpi,1,4,false,2.0,4.0,3,0.034786,5.274778874528344,1.318694718632086,,,5104.0,4.984375,1.780564263322884,1.0,1.0,0.0,0.0,0.0,0.0,0.0,0.011114999999999996,0.007106000000000036,0.007893000000000004,0.021587000000000002,6.0,0.0,0.0,85.0,0.0
adaptive,localized-refinement,32,32,mpi,1,1,true,2.0,4.0,3,0.029504000000000002,6.219104458017319,6.219104458017319,,0.9340767353579175,5104.0,4.984375,1.0,1.0,1.0,0.0,0.0,0.0,0.0,0.0,0.009810000000000006,0.0012019999999999965,0.00656000000000008,0.01843,6.0,0.0,0.0,85.0,0.0
adaptive,localized-refinement,32,32,mpi,1,2,true,2.0,4.0,3,0.030341999999999997,6.047342229561103,3.0236711147805515,,1.0292334058400898,5104.0,4.984375,1.0532915360501567,1.2542372881355932,1.0169491525423728,1.0,14.0,224.0,0.0001250000000000001,0.004119702063146797,0.009967999999999994,0.003262999999999988,0.007241000000000001,0.018479999999999996,6.0,0.0,0.0,85.0,0.0
adaptive,localized-refinement,32,32,mpi,1,4,true,2.0,4.0,3,0.032106,5.715083097531395,1.4287707743828488,,1.083473494050956,5104.0,4.984375,1.3040752351097178,1.6610169491525424,1.0847457627118644,1.0,66.0,1056.0,0.0008420000000000007,0.02622562760854671,0.009293999999999997,0.005281000000000011,0.006627000000000004,0.020132999999999995,6.0,0.0,0.0,85.0,0.0
